Subject,Value
Name,Hafnium
Appearance,steel gray
Atomic mass,178.492
Boil,4876
Category,transition metal
Density,13.31
Discovered by,Dirk Coster
Melt,2506
Molar heat,25.73
Named by,
Number,72
Period,6
Group,4
Phase,Solid
Summary,"Hafnium is a chemical element with symbol Hf and atomic number 72. A lustrous, silvery gray, tetravalent transition metal, hafnium chemically resembles zirconium and is found in zirconium minerals. Its existence was predicted by Dmitri Mendeleev in 1869, though it was not identified until 1923, making it the penultimate stable element to be discovered (rhenium was identified two years later)."
Symbol,Hf
Xpos,4
Ypos,6
Wxpos,18
Wypos,6
Shells,"[2, 8, 18, 32, 10, 2]"
Sorted electron configuration,1s2 2s2 2p6 3s2 3p6 3d10 4s2 4p6 4d10 4f14 5s2 5p6 5d2 6s2
Electron configuration,1s2 2s2 2p6 3s2 3p6 4s2 3d10 4p6 5s2 4d10 5p6 6s2 4f14 5d2
Electron configuration semantic,[Xe] 4f14 5d2 6s2
Electron affinity,17.18
Electronegativity pauling,1.3
Ionization energies,"[658.5, 1440, 2250, 3216]"
Cpk-hex,4dc2ff
Block,d
