Subject,Value
Name,Osmium
Appearance,"silvery, blue cast"
Atomic mass,190.233
Boil,5285
Category,transition metal
Density,22.59
Discovered by,Smithson Tennant
Melt,3306
Molar heat,24.7
Named by,
Number,76
Period,6
Group,8
Phase,Solid
Summary,"Osmium (from Greek osme (ὀσμή) meaning ""smell"") is a chemical element with symbol Os and atomic number 76. It is a hard, brittle, bluish-white transition metal in the platinum group that is found as a trace element in alloys, mostly in platinum ores. Osmium is the densest naturally occurring element, with a density of 22.59 g/cm3."
Symbol,Os
Xpos,8
Ypos,6
Wxpos,22
Wypos,6
Shells,"[2, 8, 18, 32, 14, 2]"
Sorted electron configuration,1s2 2s2 2p6 3s2 3p6 3d10 4s2 4p6 4d10 4f14 5s2 5p6 5d6 6s2
Electron configuration,1s2 2s2 2p6 3s2 3p6 4s2 3d10 4p6 5s2 4d10 5p6 6s2 4f14 5d6
Electron configuration semantic,[Xe] 4f14 5d6 6s2
Electron affinity,103.99
Electronegativity pauling,2.2
Ionization energies,"[840, 1600]"
Cpk-hex,266696
Block,d
