Subject,Value
Name,Terbium
Appearance,silvery white
Atomic mass,158.925352
Boil,3396
Category,lanthanide
Density,8.23
Discovered by,Carl Gustaf Mosander
Melt,1629
Molar heat,28.91
Named by,
Number,65
Period,6
Group,3
Phase,Solid
Summary,"Terbium is a chemical element with symbol Tb and atomic number 65. It is a silvery-white rare earth metal that is malleable, ductile and soft enough to be cut with a knife. Terbium is never found in nature as a free element, but it is contained in many minerals, including cerite, gadolinite, monazite, xenotime and euxenite."
Symbol,Tb
Xpos,11
Ypos,9
Wxpos,11
Wypos,6
Shells,"[2, 8, 18, 27, 8, 2]"
Sorted electron configuration,1s2 2s2 2p6 3s2 3p6 3d10 4s2 4p6 4d10 4f9 5s2 5p6 6s2
Electron configuration,1s2 2s2 2p6 3s2 3p6 4s2 3d10 4p6 5s2 4d10 5p6 6s2 4f9
Electron configuration semantic,[Xe] 4f9 6s2
Electron affinity,112.4
Electronegativity pauling,1.1
Ionization energies,"[565.8, 1110, 2114, 3839]"
Cpk-hex,30ffc7
Block,f
