Subject,Value
Name,Aluminium
Appearance,silvery gray metallic
Atomic mass,26.98153857
Boil,2743
Category,post-transition metal
Density,2.7
Discovered by,
Melt,933.47
Molar heat,24.2
Named by,Humphry Davy
Number,13
Period,3
Group,13
Phase,Solid
Summary,"Aluminium (or aluminum; see different endings) is a chemical element in the boron group with symbol Al and atomic number 13. It is a silvery-white, soft, nonmagnetic, ductile metal. Aluminium is the third most abundant element (after oxygen and silicon), and the most abundant metal, in the Earth's crust."
Symbol,Al
Xpos,13
Ypos,3
Wxpos,27
Wypos,3
Shells,"[2, 8, 3]"
Sorted electron configuration,1s2 2s2 2p6 3s2 3p1
Electron configuration,1s2 2s2 2p6 3s2 3p1
Electron configuration semantic,[Ne] 3s2 3p1
Electron affinity,41.762
Electronegativity pauling,1.61
Ionization energies,"[577.5, 1816.7, 2744.8, 11577, 14842, 18379, 23326, 27465, 31853, 38473, 42647, 201266, 222316]"
Cpk-hex,bfa6a6
Block,p
