Subject,Value
Name,Krypton
Appearance,"colorless gas, exhibiting a whitish glow in a high electric field"
Atomic mass,83.7982
Boil,119.93
Category,noble gas
Density,3.749
Discovered by,William Ramsay
Melt,115.78
Molar heat,
Named by,
Number,36
Period,4
Group,18
Phase,Gas
Summary,"Krypton (from Greek:κρυπτός kryptos ""the hidden one"") is a chemical element with symbol Kr and atomic number 36. It is a member of group 18 (noble gases) elements. A colorless, odorless, tasteless noble gas, krypton occurs in trace amounts in the atmosphere, is isolated by fractionally distilling liquefied air, and is often used with other rare gases in fluorescent lamps."
Symbol,Kr
Xpos,18
Ypos,4
Wxpos,32
Wypos,4
Shells,"[2, 8, 18, 8]"
Sorted electron configuration,1s2 2s2 2p6 3s2 3p6 3d10 4s2 4p6
Electron configuration,1s2 2s2 2p6 3s2 3p6 4s2 3d10 4p6
Electron configuration semantic,[Ar] 3d10 4s2 4p6
Electron affinity,-96
Electronegativity pauling,3
Ionization energies,"[1350.8, 2350.4, 3565, 5070, 6240, 7570, 10710, 12138, 22274, 25880, 29700, 33800, 37700, 43100, 47500, 52200, 57100, 61800, 75800, 80400, 85300, 90400, 96300, 101400, 111100, 116290, 282500, 296200, 311400, 326200]"
Cpk-hex,5cb8d1
Block,p
