Subject,Value
Name,Sulfur
Appearance,lemon yellow sintered microcrystals
Atomic mass,32.06
Boil,717.8
Category,polyatomic nonmetal
Density,2.07
Discovered by,Ancient china
Melt,388.36
Molar heat,22.75
Named by,
Number,16
Period,3
Group,16
Phase,Solid
Summary,"Sulfur or sulphur (see spelling differences) is a chemical element with symbol S and atomic number 16. It is an abundant, multivalent non-metal. Under normal conditions, sulfur atoms form cyclic octatomic molecules with chemical formula S8."
Symbol,S
Xpos,16
Ypos,3
Wxpos,30
Wypos,3
Shells,"[2, 8, 6]"
Sorted electron configuration,1s2 2s2 2p6 3s2 3p4
Electron configuration,1s2 2s2 2p6 3s2 3p4
Electron configuration semantic,[Ne] 3s2 3p4
Electron affinity,200.4101
Electronegativity pauling,2.58
Ionization energies,"[999.6, 2252, 3357, 4556, 7004.3, 8495.8, 27107, 31719, 36621, 43177, 48710, 54460, 62930, 68216, 311048, 337138]"
Cpk-hex,ffff30
Block,p
