Subject,Value
Name,Sodium
Appearance,silvery white metallic
Atomic mass,22.989769282
Boil,1156.09
Category,alkali metal
Density,0.968
Discovered by,Humphry Davy
Melt,370.944
Molar heat,28.23
Named by,
Number,11
Period,3
Group,1
Phase,Solid
Summary,"Sodium /ˈsoʊdiəm/ is a chemical element with symbol Na (from Ancient Greek Νάτριο) and atomic number 11. It is a soft, silver-white, highly reactive metal. In the Periodic table it is in column 1 (alkali metals), and shares with the other six elements in that column that it has a single electron in its outer shell, which it readily donates, creating a positively charged atom - a cation."
Symbol,Na
Xpos,1
Ypos,3
Wxpos,1
Wypos,3
Shells,"[2, 8, 1]"
Sorted electron configuration,1s2 2s2 2p6 3s1
Electron configuration,1s2 2s2 2p6 3s1
Electron configuration semantic,[Ne] 3s1
Electron affinity,52.867
Electronegativity pauling,0.93
Ionization energies,"[495.8, 4562, 6910.3, 9543, 13354, 16613, 20117, 25496, 28932, 141362, 159076]"
Cpk-hex,ab5cf2
Block,s
