Subject,Value
Name,Neptunium
Appearance,silvery metallic
Atomic mass,237
Boil,4447
Category,actinide
Density,20.45
Discovered by,Edwin McMillan
Melt,912
Molar heat,29.46
Named by,
Number,93
Period,7
Group,3
Phase,Solid
Summary,"Neptunium is a chemical element with symbol Np and atomic number 93. A radioactive actinide metal, neptunium is the first transuranic element. Its position in the periodic table just after uranium, named after the planet Uranus, led to it being named after Neptune, the next planet beyond Uranus."
Symbol,Np
Xpos,7
Ypos,10
Wxpos,7
Wypos,7
Shells,"[2, 8, 18, 32, 22, 9, 2]"
Sorted electron configuration,1s2 2s2 2p6 3s2 3p6 3d10 4s2 4p6 4d10 4f14 5s2 5p6 5d10 5f4 6s2 6p6 6d1 7s2
Electron configuration,1s2 2s2 2p6 3s2 3p6 4s2 3d10 4p6 5s2 4d10 5p6 6s2 4f14 5d10 6p6 7s2 5f4 6d1
Electron configuration semantic,[Rn] 5f4 6d1 7s2
Electron affinity,45.85
Electronegativity pauling,1.36
Ionization energies,[604.5]
Cpk-hex,0080ff
Block,f
