Subject,Value
Name,Uranium
Appearance,
Atomic mass,238.028913
Boil,4404
Category,actinide
Density,19.1
Discovered by,Martin Heinrich Klaproth
Melt,1405.3
Molar heat,27.665
Named by,
Number,92
Period,7
Group,3
Phase,Solid
Summary,"Uranium is a chemical element with symbol U and atomic number 92. It is a silvery-white metal in the actinide series of the periodic table. A uranium atom has 92 protons and 92 electrons, of which 6 are valence electrons."
Symbol,U
Xpos,6
Ypos,10
Wxpos,6
Wypos,7
Shells,"[2, 8, 18, 32, 21, 9, 2]"
Sorted electron configuration,1s2 2s2 2p6 3s2 3p6 3d10 4s2 4p6 4d10 4f14 5s2 5p6 5d10 5f3 6s2 6p6 6d1 7s2
Electron configuration,1s2 2s2 2p6 3s2 3p6 4s2 3d10 4p6 5s2 4d10 5p6 6s2 4f14 5d10 6p6 7s2 5f3 6d1
Electron configuration semantic,[Rn] 5f3 6d1 7s2
Electron affinity,50.94
Electronegativity pauling,1.38
Ionization energies,"[597.6, 1420]"
Cpk-hex,008fff
Block,f
