Subject,Value
Name,Iridium
Appearance,silvery white
Atomic mass,192.2173
Boil,4403
Category,transition metal
Density,22.56
Discovered by,Smithson Tennant
Melt,2719
Molar heat,25.1
Named by,
Number,77
Period,6
Group,9
Phase,Solid
Summary,"Iridium is a chemical element with symbol Ir and atomic number 77. A very hard, brittle, silvery-white transition metal of the platinum group, iridium is generally credited with being the second densest element (after osmium) based on measured density, although calculations involving the space lattices of the elements show that iridium is denser. It is also the most corrosion-resistant metal, even at temperatures as high as 2000 °C. Although only certain molten salts and halogens are corrosive to solid iridium, finely divided iridium dust is much more reactive and can be flammable."
Symbol,Ir
Xpos,9
Ypos,6
Wxpos,23
Wypos,6
Shells,"[2, 8, 18, 32, 15, 2]"
Sorted electron configuration,1s2 2s2 2p6 3s2 3p6 3d10 4s2 4p6 4d10 4f14 5s2 5p6 5d7 6s2
Electron configuration,1s2 2s2 2p6 3s2 3p6 4s2 3d10 4p6 5s2 4d10 5p6 6s2 4f14 5d7
Electron configuration semantic,[Xe] 4f14 5d7 6s2
Electron affinity,150.94
Electronegativity pauling,2.2
Ionization energies,"[880, 1600]"
Cpk-hex,175487
Block,d
