Subject,Value
Name,Beryllium
Appearance,white-gray metallic
Atomic mass,9.01218315
Boil,2742
Category,alkaline earth metal
Density,1.85
Discovered by,Louis Nicolas Vauquelin
Melt,1560
Molar heat,16.443
Named by,
Number,4
Period,2
Group,2
Phase,Solid
Summary,Beryllium is a chemical element with symbol Be and atomic number 4. It is created through stellar nucleosynthesis and is a relatively rare element in the universe. It is a divalent element which occurs naturally only in combination with other elements in minerals.
Symbol,Be
Xpos,2
Ypos,2
Wxpos,2
Wypos,2
Shells,"[2, 2]"
Sorted electron configuration,1s2 2s2
Electron configuration,1s2 2s2
Electron configuration semantic,[He] 2s2
Electron affinity,-48
Electronegativity pauling,1.57
Ionization energies,"[899.5, 1757.1, 14848.7, 21006.6]"
Cpk-hex,c2ff00
Block,s
