Subject,Value
Name,Silicon
Appearance,"crystalline, reflective with bluish-tinged faces"
Atomic mass,28.085
Boil,3538
Category,metalloid
Density,2.329
Discovered by,Jöns Jacob Berzelius
Melt,1687
Molar heat,19.789
Named by,Thomas Thomson (chemist)
Number,14
Period,3
Group,14
Phase,Solid
Summary,"Silicon is a chemical element with symbol Si and atomic number 14. It is a tetravalent metalloid, more reactive than germanium, the metalloid directly below it in the table. Controversy about silicon's character dates to its discovery."
Symbol,Si
Xpos,14
Ypos,3
Wxpos,28
Wypos,3
Shells,"[2, 8, 4]"
Sorted electron configuration,1s2 2s2 2p6 3s2 3p2
Electron configuration,1s2 2s2 2p6 3s2 3p2
Electron configuration semantic,[Ne] 3s2 3p2
Electron affinity,134.0684
Electronegativity pauling,1.9
Ionization energies,"[786.5, 1577.1, 3231.6, 4355.5, 16091, 19805, 23780, 29287, 33878, 38726, 45962, 50502, 235196, 257923]"
Cpk-hex,f0c8a0
Block,p
