Subject,Value
Name,Bismuth
Appearance,lustrous silver
Atomic mass,208.980401
Boil,1837
Category,post-transition metal
Density,9.78
Discovered by,Claude François Geoffroy
Melt,544.7
Molar heat,25.52
Named by,
Number,83
Period,6
Group,15
Phase,Solid
Summary,"Bismuth is a chemical element with symbol Bi and atomic number 83. Bismuth, a pentavalent post-transition metal, chemically resembles arsenic and antimony. Elemental bismuth may occur naturally, although its sulfide and oxide form important commercial ores."
Symbol,Bi
Xpos,15
Ypos,6
Wxpos,29
Wypos,6
Shells,"[2, 8, 18, 32, 18, 5]"
Sorted electron configuration,1s2 2s2 2p6 3s2 3p6 3d10 4s2 4p6 4d10 4f14 5s2 5p6 5d10 6s2 6p3
Electron configuration,1s2 2s2 2p6 3s2 3p6 4s2 3d10 4p6 5s2 4d10 5p6 6s2 4f14 5d10 6p3
Electron configuration semantic,[Xe] 4f14 5d10 6s2 6p3
Electron affinity,90.924
Electronegativity pauling,2.02
Ionization energies,"[703, 1610, 2466, 4370, 5400, 8520]"
Cpk-hex,9e4fb5
Block,p
