Subject,Value
Name,Cerium
Appearance,silvery white
Atomic mass,140.1161
Boil,3716
Category,lanthanide
Density,6.77
Discovered by,Martin Heinrich Klaproth
Melt,1068
Molar heat,26.94
Named by,
Number,58
Period,6
Group,3
Phase,Solid
Summary,"Cerium is a chemical element with symbol Ce and atomic number 58. It is a soft, silvery, ductile metal which easily oxidizes in air. Cerium was named after the dwarf planet Ceres (itself named after the Roman goddess of agriculture)."
Symbol,Ce
Xpos,4
Ypos,9
Wxpos,4
Wypos,6
Shells,"[2, 8, 18, 19, 9, 2]"
Sorted electron configuration,1s2 2s2 2p6 3s2 3p6 3d10 4s2 4p6 4d10 4f1 5s2 5p6 5d1 6s2
Electron configuration,1s2 2s2 2p6 3s2 3p6 4s2 3d10 4p6 5s2 4d10 5p6 6s2 5d1 4f1
Electron configuration semantic,[Xe] 4f1 5d1 6s2
Electron affinity,55
Electronegativity pauling,1.12
Ionization energies,"[534.4, 1050, 1949, 3547, 6325, 7490]"
Cpk-hex,ffffc7
Block,f
