Subject,Value
Name,Scandium
Appearance,silvery white
Atomic mass,44.9559085
Boil,3109
Category,transition metal
Density,2.985
Discovered by,Lars Fredrik Nilson
Melt,1814
Molar heat,25.52
Named by,
Number,21
Period,4
Group,3
Phase,Solid
Summary,"Scandium is a chemical element with symbol Sc and atomic number 21. A silvery-white metallic d-block element, it has historically been sometimes classified as a rare earth element, together with yttrium and the lanthanoids. It was discovered in 1879 by spectral analysis of the minerals euxenite and gadolinite from Scandinavia."
Symbol,Sc
Xpos,3
Ypos,4
Wxpos,17
Wypos,4
Shells,"[2, 8, 9, 2]"
Sorted electron configuration,1s2 2s2 2p6 3s2 3p6 3d1 4s2
Electron configuration,1s2 2s2 2p6 3s2 3p6 4s2 3d1
Electron configuration semantic,[Ar] 3d1 4s2
Electron affinity,18
Electronegativity pauling,1.36
Ionization energies,"[633.1, 1235, 2388.6, 7090.6, 8843, 10679, 13310, 15250, 17370, 21726, 24102, 66320, 73010, 80160, 89490, 97400, 105600, 117000, 124270, 547530, 582163]"
Cpk-hex,e6e6e6
Block,d
