Subject,Value
Name,Arsenic
Appearance,metallic grey
Atomic mass,74.9215956
Boil,
Category,metalloid
Density,5.727
Discovered by,Bronze Age
Melt,
Molar heat,24.64
Named by,
Number,33
Period,4
Group,15
Phase,Solid
Summary,"Arsenic is a chemical element with symbol As and atomic number 33. Arsenic occurs in many minerals, usually in conjunction with sulfur and metals, and also as a pure elemental crystal. Arsenic is a metalloid."
Symbol,As
Xpos,15
Ypos,4
Wxpos,29
Wypos,4
Shells,"[2, 8, 18, 5]"
Sorted electron configuration,1s2 2s2 2p6 3s2 3p6 3d10 4s2 4p3
Electron configuration,1s2 2s2 2p6 3s2 3p6 4s2 3d10 4p3
Electron configuration semantic,[Ar] 3d10 4s2 4p3
Electron affinity,77.65
Electronegativity pauling,2.18
Ionization energies,"[947, 1798, 2735, 4837, 6043, 12310]"
Cpk-hex,bd80e3
Block,p
