Subject,Value
Name,Titanium
Appearance,silvery grey-white metallic
Atomic mass,47.8671
Boil,3560
Category,transition metal
Density,4.506
Discovered by,William Gregor
Melt,1941
Molar heat,25.06
Named by,Martin Heinrich Klaproth
Number,22
Period,4
Group,4
Phase,Solid
Summary,"Titanium is a chemical element with symbol Ti and atomic number 22. It is a lustrous transition metal with a silver color, low density and high strength. It is highly resistant to corrosion in sea water, aqua regia and chlorine."
Symbol,Ti
Xpos,4
Ypos,4
Wxpos,18
Wypos,4
Shells,"[2, 8, 10, 2]"
Sorted electron configuration,1s2 2s2 2p6 3s2 3p6 3d2 4s2
Electron configuration,1s2 2s2 2p6 3s2 3p6 4s2 3d2
Electron configuration semantic,[Ar] 3d2 4s2
Electron affinity,7.289
Electronegativity pauling,1.54
Ionization energies,"[658.8, 1309.8, 2652.5, 4174.6, 9581, 11533, 13590, 16440, 18530, 20833, 25575, 28125, 76015, 83280, 90880, 100700, 109100, 117800, 129900, 137530, 602930, 639294]"
Cpk-hex,bfc2c7
Block,d
