Subject,Value
Name,Manganese
Appearance,silvery metallic
Atomic mass,54.9380443
Boil,2334
Category,transition metal
Density,7.21
Discovered by,Torbern Olof Bergman
Melt,1519
Molar heat,26.32
Named by,
Number,25
Period,4
Group,7
Phase,Solid
Summary,"Manganese is a chemical element with symbol Mn and atomic number 25. It is not found as a free element in nature; it is often found in combination with iron, and in many minerals. Manganese is a metal with important industrial metal alloy uses, particularly in stainless steels."
Symbol,Mn
Xpos,7
Ypos,4
Wxpos,21
Wypos,4
Shells,"[2, 8, 13, 2]"
Sorted electron configuration,1s2 2s2 2p6 3s2 3p6 3d5 4s2
Electron configuration,1s2 2s2 2p6 3s2 3p6 4s2 3d5
Electron configuration semantic,[Ar] 3d5 4s2
Electron affinity,-50
Electronegativity pauling,1.55
Ionization energies,"[717.3, 1509, 3248, 4940, 6990, 9220, 11500, 18770, 21400, 23960, 27590, 30330, 33150, 38880, 41987, 109480, 118100, 127100, 138600, 148500, 158600, 172500, 181380, 785450, 827067]"
Cpk-hex,9c7ac7
Block,d
