Subject,Value
Name,Radon
Appearance,"colorless gas, occasionally glows green or red in discharge tubes"
Atomic mass,222
Boil,211.5
Category,noble gas
Density,9.73
Discovered by,Friedrich Ernst Dorn
Melt,202
Molar heat,
Named by,
Number,86
Period,6
Group,18
Phase,Gas
Summary,"Radon is a chemical element with symbol Rn and atomic number 86. It is a radioactive, colorless, odorless, tasteless noble gas, occurring naturally as a decay product of radium. Its most stable isotope, 222Rn, has a half-life of 3.8 days."
Symbol,Rn
Xpos,18
Ypos,6
Wxpos,32
Wypos,6
Shells,"[2, 8, 18, 32, 18, 8]"
Sorted electron configuration,1s2 2s2 2p6 3s2 3p6 3d10 4s2 4p6 4d10 4f14 5s2 5p6 5d10 6s2 6p6
Electron configuration,1s2 2s2 2p6 3s2 3p6 4s2 3d10 4p6 5s2 4d10 5p6 6s2 4f14 5d10 6p6
Electron configuration semantic,[Xe] 4f14 5d10 6s2 6p6
Electron affinity,-68
Electronegativity pauling,2.2
Ionization energies,[1037]
Cpk-hex,428296
Block,p
