Subject,Value
Name,Fluorine
Appearance,
Atomic mass,18.9984031636
Boil,85.03
Category,diatomic nonmetal
Density,1.696
Discovered by,André-Marie Ampère
Melt,53.48
Molar heat,
Named by,Humphry Davy
Number,9
Period,2
Group,17
Phase,Gas
Summary,"Fluorine is a chemical element with symbol F and atomic number 9. It is the lightest halogen and exists as a highly toxic pale yellow diatomic gas at standard conditions. As the most electronegative element, it is extremely reactive:almost all other elements, including some noble gases, form compounds with fluorine."
Symbol,F
Xpos,17
Ypos,2
Wxpos,31
Wypos,2
Shells,"[2, 7]"
Sorted electron configuration,1s2 2s2 2p5
Electron configuration,1s2 2s2 2p5
Electron configuration semantic,[He] 2s2 2p5
Electron affinity,328.1649
Electronegativity pauling,3.98
Ionization energies,"[1681, 3374.2, 6050.4, 8407.7, 11022.7, 15164.1, 17868, 92038.1, 106434.3]"
Cpk-hex,90e050
Block,p
