Subject,Value
Name,Einsteinium
Appearance,silver-colored
Atomic mass,252
Boil,1269
Category,actinide
Density,8.84
Discovered by,Lawrence Berkeley National Laboratory
Melt,1133
Molar heat,
Named by,
Number,99
Period,7
Group,3
Phase,Solid
Summary,"Einsteinium is a synthetic element with symbol Es and atomic number 99. It is the seventh transuranic element, and an actinide. Einsteinium was discovered as a component of the debris of the first hydrogen bomb explosion in 1952, and named after Albert Einstein."
Symbol,Es
Xpos,13
Ypos,10
Wxpos,13
Wypos,7
Shells,"[2, 8, 18, 32, 29, 8, 2]"
Sorted electron configuration,1s2 2s2 2p6 3s2 3p6 3d10 4s2 4p6 4d10 4f14 5s2 5p6 5d10 5f11 6s2 6p6 7s2
Electron configuration,1s2 2s2 2p6 3s2 3p6 4s2 3d10 4p6 5s2 4d10 5p6 6s2 4f14 5d10 6p6 7s2 5f11
Electron configuration semantic,[Rn] 5f11 7s2
Electron affinity,-28.6
Electronegativity pauling,1.3
Ionization energies,[619]
Cpk-hex,b31fd4
Block,f
