Subject,Value
Name,Tennessine
Appearance,
Atomic mass,294
Boil,883
Category,"unknown, probably metalloid"
Density,7.17
Discovered by,Joint Institute for Nuclear Research
Melt,723
Molar heat,
Named by,
Number,117
Period,7
Group,17
Phase,Solid
Summary,"Tennessine is a superheavy artificial chemical element with an atomic number of 117 and a symbol of Ts. Also known as eka-astatine or element 117, it is the second-heaviest known element and penultimate element of the 7th period of the periodic table. As of 2016, fifteen tennessine atoms have been observed: six when it was first synthesized in 2010, seven in 2012, and two in 2014."
Symbol,Ts
Xpos,17
Ypos,7
Wxpos,31
Wypos,7
Shells,"[2, 8, 18, 32, 32, 18, 7]"
Sorted electron configuration,1s2 2s2 2p6 3s2 3p6 3d10 4s2 4p6 4d10 4f14 5s2 5p6 5d10 5f14 6s2 6p6 6d10 7s2 7p5
Electron configuration,1s2 2s2 2p6 3s2 3p6 4s2 3d10 4p6 5s2 4d10 5p6 6s2 4f14 5d10 6p6 7s2 5f14 6d10 7p5
Electron configuration semantic,*[Rn] 5f14 6d10 7s2 7p5
Electron affinity,165.9
Electronegativity pauling,
Ionization energies,[]
Cpk-hex,
Block,p
