Subject,Value
Name,Molybdenum
Appearance,gray metallic
Atomic mass,95.951
Boil,4912
Category,transition metal
Density,10.28
Discovered by,Carl Wilhelm Scheele
Melt,2896
Molar heat,24.06
Named by,
Number,42
Period,5
Group,6
Phase,Solid
Summary,"Molybdenum is a chemical element with symbol Mo and atomic number 42. The name is from Neo-Latin molybdaenum, from Ancient Greek Μόλυβδος molybdos, meaning lead, since its ores were confused with lead ores. Molybdenum minerals have been known throughout history, but the element was discovered (in the sense of differentiating it as a new entity from the mineral salts of other metals) in 1778 by Carl Wilhelm Scheele."
Symbol,Mo
Xpos,6
Ypos,5
Wxpos,20
Wypos,5
Shells,"[2, 8, 18, 13, 1]"
Sorted electron configuration,1s2 2s2 2p6 3s2 3p6 3d10 4s2 4p6 4d5 5s1
Electron configuration,1s2 2s2 2p6 3s2 3p6 4s2 3d10 4p6 5s1 4d5
Electron configuration semantic,[Kr] 4d5 5s1
Electron affinity,72.1
Electronegativity pauling,2.16
Ionization energies,"[684.3, 1560, 2618, 4480, 5257, 6640.8, 12125, 13860, 15835, 17980, 20190, 22219, 26930, 29196, 52490, 55000, 61400, 67700, 74000, 80400, 87000, 93400, 98420, 104400, 121900, 127700, 133800, 139800, 148100, 154500]"
Cpk-hex,54b5b5
Block,d
