Subject,Value
Name,Berkelium
Appearance,silvery
Atomic mass,247
Boil,2900
Category,actinide
Density,14.78
Discovered by,Lawrence Berkeley National Laboratory
Melt,1259
Molar heat,
Named by,
Number,97
Period,7
Group,3
Phase,Solid
Summary,"Berkelium is a transuranic radioactive chemical element with symbol Bk and atomic number 97. It is a member of the actinide and transuranium element series. It is named after the city of Berkeley, California, the location of the University of California Radiation Laboratory where it was discovered in December 1949."
Symbol,Bk
Xpos,11
Ypos,10
Wxpos,11
Wypos,7
Shells,"[2, 8, 18, 32, 27, 8, 2]"
Sorted electron configuration,1s2 2s2 2p6 3s2 3p6 3d10 4s2 4p6 4d10 4f14 5s2 5p6 5d10 5f9 6s2 6p6 7s2
Electron configuration,1s2 2s2 2p6 3s2 3p6 4s2 3d10 4p6 5s2 4d10 5p6 6s2 4f14 5d10 6p6 7s2 5f9
Electron configuration semantic,[Rn] 5f9 7s2
Electron affinity,-165.24
Electronegativity pauling,1.3
Ionization energies,[601]
Cpk-hex,8a4fe3
Block,f
