Subject,Value
Name,Fermium
Appearance,
Atomic mass,257
Boil,
Category,actinide
Density,
Discovered by,Lawrence Berkeley National Laboratory
Melt,1800
Molar heat,
Named by,
Number,100
Period,7
Group,3
Phase,Solid
Summary,"Fermium is a synthetic element with symbol Fm and atomic number 100. It is a member of the actinide series. It is the heaviest element that can be formed by neutron bombardment of lighter elements, and hence the last element that can be prepared in macroscopic quantities, although pure fermium metal has not yet been prepared."
Symbol,Fm
Xpos,14
Ypos,10
Wxpos,14
Wypos,7
Shells,"[2, 8, 18, 32, 30, 8, 2]"
Sorted electron configuration,1s2 2s2 2p6 3s2 3p6 3d10 4s2 4p6 4d10 4f14 5s2 5p6 5d10 5f12 6s2 6p6 7s2
Electron configuration,1s2 2s2 2p6 3s2 3p6 4s2 3d10 4p6 5s2 4d10 5p6 6s2 4f14 5d10 6p6 7s2 5f12
Electron configuration semantic,[Rn] 5f12 7s2
Electron affinity,33.96
Electronegativity pauling,1.3
Ionization energies,[627]
Cpk-hex,b31fba
Block,f
