Subject,Value
Name,Cadmium
Appearance,silvery bluish-gray metallic
Atomic mass,112.4144
Boil,1040
Category,transition metal
Density,8.65
Discovered by,Karl Samuel Leberecht Hermann
Melt,594.22
Molar heat,26.02
Named by,Isotopes of cadmium
Number,48
Period,5
Group,12
Phase,Solid
Summary,"Cadmium is a chemical element with symbol Cd and atomic number 48. This soft, bluish-white metal is chemically similar to the two other stable metals in group 12, zinc and mercury. Like zinc, it prefers oxidation state +2 in most of its compounds and like mercury it shows a low melting point compared to transition metals."
Symbol,Cd
Xpos,12
Ypos,5
Wxpos,26
Wypos,5
Shells,"[2, 8, 18, 18, 2]"
Sorted electron configuration,1s2 2s2 2p6 3s2 3p6 3d10 4s2 4p6 4d10 5s2
Electron configuration,1s2 2s2 2p6 3s2 3p6 4s2 3d10 4p6 5s2 4d10
Electron configuration semantic,[Kr] 4d10 5s2
Electron affinity,-68
Electronegativity pauling,1.69
Ionization energies,"[867.8, 1631.4, 3616]"
Cpk-hex,ffd98f
Block,d
