Subject,Value
Name,Rhodium
Appearance,silvery white metallic
Atomic mass,102.905502
Boil,3968
Category,transition metal
Density,12.41
Discovered by,William Hyde Wollaston
Melt,2237
Molar heat,24.98
Named by,
Number,45
Period,5
Group,9
Phase,Solid
Summary,"Rhodium is a chemical element with symbol Rh and atomic number 45. It is a rare, silvery-white, hard, and chemically inert transition metal. It is a member of the platinum group."
Symbol,Rh
Xpos,9
Ypos,5
Wxpos,23
Wypos,5
Shells,"[2, 8, 18, 16, 1]"
Sorted electron configuration,1s2 2s2 2p6 3s2 3p6 3d10 4s2 4p6 4d8 5s1
Electron configuration,1s2 2s2 2p6 3s2 3p6 4s2 3d10 4p6 5s1 4d8
Electron configuration semantic,[Kr] 4d8 5s1
Electron affinity,110.27
Electronegativity pauling,2.28
Ionization energies,"[719.7, 1740, 2997]"
Cpk-hex,0a7d8c
Block,d
