Subject,Value
Name,Yttrium
Appearance,silvery white
Atomic mass,88.905842
Boil,3203
Category,transition metal
Density,4.472
Discovered by,Johan Gadolin
Melt,1799
Molar heat,26.53
Named by,
Number,39
Period,5
Group,3
Phase,Solid
Summary,"Yttrium is a chemical element with symbol Y and atomic number 39. It is a silvery-metallic transition metal chemically similar to the lanthanides and it has often been classified as a ""rare earth element"". Yttrium is almost always found combined with the lanthanides in rare earth minerals and is never found in nature as a free element."
Symbol,Y
Xpos,3
Ypos,5
Wxpos,17
Wypos,5
Shells,"[2, 8, 18, 9, 2]"
Sorted electron configuration,1s2 2s2 2p6 3s2 3p6 3d10 4s2 4p6 4d1 5s2
Electron configuration,1s2 2s2 2p6 3s2 3p6 4s2 3d10 4p6 5s2 4d1
Electron configuration semantic,[Kr] 4d1 5s2
Electron affinity,29.6
Electronegativity pauling,1.22
Ionization energies,"[600, 1180, 1980, 5847, 7430, 8970, 11190, 12450, 14110, 18400, 19900, 36090]"
Cpk-hex,94ffff
Block,d
