Subject,Value
Name,Silver
Appearance,lustrous white metal
Atomic mass,107.86822
Boil,2435
Category,transition metal
Density,10.49
Discovered by,"unknown, before 5000 BC"
Melt,1234.93
Molar heat,25.35
Named by,
Number,47
Period,5
Group,11
Phase,Solid
Summary,"Silver is a chemical element with symbol Ag (Greek:άργυρος árguros, Latin:argentum, both from the Indo-European root *h₂erǵ- for ""grey"" or ""shining"") and atomic number 47. A soft, white, lustrous transition metal, it possesses the highest electrical conductivity, thermal conductivity and reflectivity of any metal. The metal occurs naturally in its pure, free form (native silver), as an alloy with gold and other metals, and in minerals such as argentite and chlorargyrite."
Symbol,Ag
Xpos,11
Ypos,5
Wxpos,25
Wypos,5
Shells,"[2, 8, 18, 18, 1]"
Sorted electron configuration,1s2 2s2 2p6 3s2 3p6 3d10 4s2 4p6 4d10 5s1
Electron configuration,1s2 2s2 2p6 3s2 3p6 4s2 3d10 4p6 5s1 4d10
Electron configuration semantic,[Kr] 4d10 5s1
Electron affinity,125.862
Electronegativity pauling,1.93
Ionization energies,"[731, 2070, 3361]"
Cpk-hex,c0c0c0
Block,d
