Subject,Value
Name,Radium
Appearance,silvery white metallic
Atomic mass,226
Boil,2010
Category,alkaline earth metal
Density,5.5
Discovered by,Pierre Curie
Melt,1233
Molar heat,
Named by,
Number,88
Period,7
Group,2
Phase,Solid
Summary,"Radium is a chemical element with symbol Ra and atomic number 88. It is the sixth element in group 2 of the periodic table, also known as the alkaline earth metals. Pure radium is almost colorless, but it readily combines with nitrogen (rather than oxygen) on exposure to air, forming a black surface layer of radium nitride (Ra3N2)."
Symbol,Ra
Xpos,2
Ypos,7
Wxpos,2
Wypos,7
Shells,"[2, 8, 18, 32, 18, 8, 2]"
Sorted electron configuration,1s2 2s2 2p6 3s2 3p6 3d10 4s2 4p6 4d10 4f14 5s2 5p6 5d10 6s2 6p6 7s2
Electron configuration,1s2 2s2 2p6 3s2 3p6 4s2 3d10 4p6 5s2 4d10 5p6 6s2 4f14 5d10 6p6 7s2
Electron configuration semantic,[Rn] 7s2
Electron affinity,9.6485
Electronegativity pauling,0.9
Ionization energies,"[509.3, 979]"
Cpk-hex,007d00
Block,s
