Subject,Value
Name,Potassium
Appearance,silvery gray
Atomic mass,39.09831
Boil,1032
Category,alkali metal
Density,0.862
Discovered by,Humphry Davy
Melt,336.7
Molar heat,29.6
Named by,
Number,19
Period,4
Group,1
Phase,Solid
Summary,"Potassium is a chemical element with symbol K (derived from Neo-Latin, kalium) and atomic number 19. It was first isolated from potash, the ashes of plants, from which its name is derived. In the Periodic table, potassium is one of seven elements in column (group) 1 (alkali metals):they all have a single valence electron in their outer electron shell, which they readily give up to create an atom with a positive charge - a cation, and combine with anions to form salts."
Symbol,K
Xpos,1
Ypos,4
Wxpos,1
Wypos,4
Shells,"[2, 8, 8, 1]"
Sorted electron configuration,1s2 2s2 2p6 3s2 3p6 4s1
Electron configuration,1s2 2s2 2p6 3s2 3p6 4s1
Electron configuration semantic,[Ar] 4s1
Electron affinity,48.383
Electronegativity pauling,0.82
Ionization energies,"[418.8, 3052, 4420, 5877, 7975, 9590, 11343, 14944, 16963.7, 48610, 54490, 60730, 68950, 75900, 83080, 93400, 99710, 444880, 476063]"
Cpk-hex,8f40d4
Block,s
