Subject,Value
Name,Technetium
Appearance,shiny gray metal
Atomic mass,98
Boil,4538
Category,transition metal
Density,11
Discovered by,Emilio Segrè
Melt,2430
Molar heat,24.27
Named by,
Number,43
Period,5
Group,7
Phase,Solid
Summary,"Technetium (/tɛkˈniːʃiəm/) is a chemical element with symbol Tc and atomic number 43. It is the element with the lowest atomic number in the periodic table that has no stable isotopes:every form of it is radioactive. Nearly all technetium is produced synthetically, and only minute amounts are found in nature."
Symbol,Tc
Xpos,7
Ypos,5
Wxpos,21
Wypos,5
Shells,"[2, 8, 18, 13, 2]"
Sorted electron configuration,1s2 2s2 2p6 3s2 3p6 3d10 4s2 4p6 4d5 5s2
Electron configuration,1s2 2s2 2p6 3s2 3p6 4s2 3d10 4p6 5s2 4d5
Electron configuration semantic,[Kr] 4d5 5s2
Electron affinity,53
Electronegativity pauling,1.9
Ionization energies,"[702, 1470, 2850]"
Cpk-hex,3b9e9e
Block,d
