Subject,Value
Name,Chromium
Appearance,silvery metallic
Atomic mass,51.99616
Boil,2944
Category,transition metal
Density,7.19
Discovered by,Louis Nicolas Vauquelin
Melt,2180
Molar heat,23.35
Named by,
Number,24
Period,4
Group,6
Phase,Solid
Summary,"Chromium is a chemical element with symbol Cr and atomic number 24. It is the first element in Group 6. It is a steely-gray, lustrous, hard and brittle metal which takes a high polish, resists tarnishing, and has a high melting point."
Symbol,Cr
Xpos,6
Ypos,4
Wxpos,20
Wypos,4
Shells,"[2, 8, 13, 1]"
Sorted electron configuration,1s2 2s2 2p6 3s2 3p6 3d5 4s1
Electron configuration,1s2 2s2 2p6 3s2 3p6 4s1 3d5
Electron configuration semantic,[Ar] 3d5 4s1
Electron affinity,65.21
Electronegativity pauling,1.66
Ionization energies,"[652.9, 1590.6, 2987, 4743, 6702, 8744.9, 15455, 17820, 20190, 23580, 26130, 28750, 34230, 37066, 97510, 105800, 114300, 125300, 134700, 144300, 157700, 166090, 721870, 761733]"
Cpk-hex,8a99c7
Block,d
