Subject,Value
Name,Phosphorus
Appearance,"colourless, waxy white, yellow, scarlet, red, violet, black"
Atomic mass,30.9737619985
Boil,
Category,polyatomic nonmetal
Density,1.823
Discovered by,Hennig Brand
Melt,
Molar heat,23.824
Named by,
Number,15
Period,3
Group,15
Phase,Solid
Summary,"Phosphorus is a chemical element with symbol P and atomic number 15. As an element, phosphorus exists in two major forms—white phosphorus and red phosphorus—but due to its high reactivity, phosphorus is never found as a free element on Earth. Instead phosphorus-containing minerals are almost always present in their maximally oxidised state, as inorganic phosphate rocks."
Symbol,P
Xpos,15
Ypos,3
Wxpos,29
Wypos,3
Shells,"[2, 8, 5]"
Sorted electron configuration,1s2 2s2 2p6 3s2 3p3
Electron configuration,1s2 2s2 2p6 3s2 3p3
Electron configuration semantic,[Ne] 3s2 3p3
Electron affinity,72.037
Electronegativity pauling,2.19
Ionization energies,"[1011.8, 1907, 2914.1, 4963.6, 6273.9, 21267, 25431, 29872, 35905, 40950, 46261, 54110, 59024, 271791, 296195]"
Cpk-hex,ff8000
Block,p
