Subject,Value
Name,Niobium
Appearance,"gray metallic, bluish when oxidized"
Atomic mass,92.906372
Boil,5017
Category,transition metal
Density,8.57
Discovered by,Charles Hatchett
Melt,2750
Molar heat,24.6
Named by,
Number,41
Period,5
Group,5
Phase,Solid
Summary,"Niobium, formerly columbium, is a chemical element with symbol Nb (formerly Cb) and atomic number 41. It is a soft, grey, ductile transition metal, which is often found in the pyrochlore mineral, the main commercial source for niobium, and columbite. The name comes from Greek mythology:Niobe, daughter of Tantalus since it is so similar to tantalum."
Symbol,Nb
Xpos,5
Ypos,5
Wxpos,19
Wypos,5
Shells,"[2, 8, 18, 12, 1]"
Sorted electron configuration,1s2 2s2 2p6 3s2 3p6 3d10 4s2 4p6 4d4 5s1
Electron configuration,1s2 2s2 2p6 3s2 3p6 4s2 3d10 4p6 5s1 4d4
Electron configuration semantic,[Kr] 4d4 5s1
Electron affinity,88.516
Electronegativity pauling,1.6
Ionization energies,"[652.1, 1380, 2416, 3700, 4877, 9847, 12100]"
Cpk-hex,73c2c9
Block,d
