Subject,Value
Name,Erbium
Appearance,silvery white
Atomic mass,167.2593
Boil,3141
Category,lanthanide
Density,9.066
Discovered by,Carl Gustaf Mosander
Melt,1802
Molar heat,28.12
Named by,
Number,68
Period,6
Group,3
Phase,Solid
Summary,"Erbium is a chemical element in the lanthanide series, with symbol Er and atomic number 68. A silvery-white solid metal when artificially isolated, natural erbium is always found in chemical combination with other elements on Earth. As such, it is a rare earth element which is associated with several other rare elements in the mineral gadolinite from Ytterby in Sweden, where yttrium, ytterbium, and terbium were discovered."
Symbol,Er
Xpos,14
Ypos,9
Wxpos,14
Wypos,6
Shells,"[2, 8, 18, 30, 8, 2]"
Sorted electron configuration,1s2 2s2 2p6 3s2 3p6 3d10 4s2 4p6 4d10 4f12 5s2 5p6 6s2
Electron configuration,1s2 2s2 2p6 3s2 3p6 4s2 3d10 4p6 5s2 4d10 5p6 6s2 4f12
Electron configuration semantic,[Xe] 4f12 6s2
Electron affinity,30.1
Electronegativity pauling,1.24
Ionization energies,"[589.3, 1150, 2194, 4120]"
Cpk-hex,00e675
Block,f
