Subject,Value
Name,Tungsten
Appearance,"grayish white, lustrous"
Atomic mass,183.841
Boil,6203
Category,transition metal
Density,19.25
Discovered by,Carl Wilhelm Scheele
Melt,3695
Molar heat,24.27
Named by,
Number,74
Period,6
Group,6
Phase,Solid
Summary,"Tungsten, also known as wolfram, is a chemical element with symbol W and atomic number 74. The word tungsten comes from the Swedish language tung sten, which directly translates to heavy stone. Its name in Swedish is volfram, however, in order to distinguish it from scheelite, which in Swedish is alternatively named tungsten."
Symbol,W
Xpos,6
Ypos,6
Wxpos,20
Wypos,6
Shells,"[2, 8, 18, 32, 12, 2]"
Sorted electron configuration,1s2 2s2 2p6 3s2 3p6 3d10 4s2 4p6 4d10 4f14 5s2 5p6 5d4 6s2
Electron configuration,1s2 2s2 2p6 3s2 3p6 4s2 3d10 4p6 5s2 4d10 5p6 6s2 4f14 5d4
Electron configuration semantic,[Xe] 4f14 5d4 6s2
Electron affinity,78.76
Electronegativity pauling,2.36
Ionization energies,"[770, 1700]"
Cpk-hex,2194d6
Block,d
