Subject,Value
Name,Iron
Appearance,lustrous metallic with a grayish tinge
Atomic mass,55.8452
Boil,3134
Category,transition metal
Density,7.874
Discovered by,5000 BC
Melt,1811
Molar heat,25.1
Named by,
Number,26
Period,4
Group,8
Phase,Solid
Summary,"Iron is a chemical element with symbol Fe (from Latin:ferrum) and atomic number 26. It is a metal in the first transition series. It is by mass the most common element on Earth, forming much of Earth's outer and inner core."
Symbol,Fe
Xpos,8
Ypos,4
Wxpos,22
Wypos,4
Shells,"[2, 8, 14, 2]"
Sorted electron configuration,1s2 2s2 2p6 3s2 3p6 3d6 4s2
Electron configuration,1s2 2s2 2p6 3s2 3p6 4s2 3d6
Electron configuration semantic,[Ar] 3d6 4s2
Electron affinity,14.785
Electronegativity pauling,1.83
Ionization energies,"[762.5, 1561.9, 2957, 5290, 7240, 9560, 12060, 14580, 22540, 25290, 28000, 31920, 34830, 37840, 44100, 47206, 122200, 131000, 140500, 152600, 163000, 173600, 188100, 195200, 851800, 895161]"
Cpk-hex,e06633
Block,d
