Subject,Value
Name,Ruthenium
Appearance,silvery white metallic
Atomic mass,101.072
Boil,4423
Category,transition metal
Density,12.45
Discovered by,Karl Ernst Claus
Melt,2607
Molar heat,24.06
Named by,
Number,44
Period,5
Group,8
Phase,Solid
Summary,"Ruthenium is a chemical element with symbol Ru and atomic number 44. It is a rare transition metal belonging to the platinum group of the periodic table. Like the other metals of the platinum group, ruthenium is inert to most other chemicals."
Symbol,Ru
Xpos,8
Ypos,5
Wxpos,22
Wypos,5
Shells,"[2, 8, 18, 15, 1]"
Sorted electron configuration,1s2 2s2 2p6 3s2 3p6 3d10 4s2 4p6 4d7 5s1
Electron configuration,1s2 2s2 2p6 3s2 3p6 4s2 3d10 4p6 5s1 4d7
Electron configuration semantic,[Kr] 4d7 5s1
Electron affinity,100.96
Electronegativity pauling,2.2
Ionization energies,"[710.2, 1620, 2747]"
Cpk-hex,248f8f
Block,d
