Subject,Value
Name,Thorium
Appearance,"silvery, often with black tarnish"
Atomic mass,232.03774
Boil,5061
Category,actinide
Density,11.724
Discovered by,Jöns Jakob Berzelius
Melt,2023
Molar heat,26.23
Named by,
Number,90
Period,7
Group,3
Phase,Solid
Summary,"Thorium is a chemical element with symbol Th and atomic number 90. A radioactive actinide metal, thorium is one of only two significantly radioactive elements that still occur naturally in large quantities as a primordial element (the other being uranium). It was discovered in 1828 by the Norwegian Reverend and amateur mineralogist Morten Thrane Esmark and identified by the Swedish chemist Jöns Jakob Berzelius, who named it after Thor, the Norse god of thunder."
Symbol,Th
Xpos,4
Ypos,10
Wxpos,4
Wypos,7
Shells,"[2, 8, 18, 32, 18, 10, 2]"
Sorted electron configuration,1s2 2s2 2p6 3s2 3p6 3d10 4s2 4p6 4d10 4f14 5s2 5p6 5d10 6s2 6p6 6d2 7s2
Electron configuration,1s2 2s2 2p6 3s2 3p6 4s2 3d10 4p6 5s2 4d10 5p6 6s2 4f14 5d10 6p6 7s2 6d2
Electron configuration semantic,[Rn] 6d2 7s2
Electron affinity,112.72
Electronegativity pauling,1.3
Ionization energies,"[587, 1110, 1930, 2780]"
Cpk-hex,00baff
Block,f
