Subject,Value
Name,Selenium
Appearance,"black, red, and gray (not pictured) allotropes"
Atomic mass,78.9718
Boil,958
Category,polyatomic nonmetal
Density,4.81
Discovered by,Jöns Jakob Berzelius
Melt,494
Molar heat,25.363
Named by,
Number,34
Period,4
Group,16
Phase,Solid
Summary,"Selenium is a chemical element with symbol Se and atomic number 34. It is a nonmetal with properties that are intermediate between those of its periodic table column-adjacent chalcogen elements sulfur and tellurium. It rarely occurs in its elemental state in nature, or as pure ore compounds."
Symbol,Se
Xpos,16
Ypos,4
Wxpos,30
Wypos,4
Shells,"[2, 8, 18, 6]"
Sorted electron configuration,1s2 2s2 2p6 3s2 3p6 3d10 4s2 4p4
Electron configuration,1s2 2s2 2p6 3s2 3p6 4s2 3d10 4p4
Electron configuration semantic,[Ar] 3d10 4s2 4p4
Electron affinity,194.9587
Electronegativity pauling,2.55
Ionization energies,"[941, 2045, 2973.7, 4144, 6590, 7880, 14990]"
Cpk-hex,ffa100
Block,p
