Subject,Value
Name,Calcium
Appearance,
Atomic mass,40.0784
Boil,1757
Category,alkaline earth metal
Density,1.55
Discovered by,Humphry Davy
Melt,1115
Molar heat,25.929
Named by,
Number,20
Period,4
Group,2
Phase,Solid
Summary,"Calcium is a chemical element with symbol Ca and atomic number 20. Calcium is a soft gray alkaline earth metal, fifth-most-abundant element by mass in the Earth's crust. The ion Ca2+ is also the fifth-most-abundant dissolved ion in seawater by both molarity and mass, after sodium, chloride, magnesium, and sulfate."
Symbol,Ca
Xpos,2
Ypos,4
Wxpos,2
Wypos,4
Shells,"[2, 8, 8, 2]"
Sorted electron configuration,1s2 2s2 2p6 3s2 3p6 4s2
Electron configuration,1s2 2s2 2p6 3s2 3p6 4s2
Electron configuration semantic,[Ar] 4s2
Electron affinity,2.37
Electronegativity pauling,1
Ionization energies,"[589.8, 1145.4, 4912.4, 6491, 8153, 10496, 12270, 14206, 18191, 20385, 57110, 63410, 70110, 78890, 86310, 94000, 104900, 111711, 494850, 527762]"
Cpk-hex,3dff00
Block,s
