Subject,Value
Name,Ytterbium
Appearance,
Atomic mass,173.0451
Boil,1469
Category,lanthanide
Density,6.9
Discovered by,Jean Charles Galissard de Marignac
Melt,1097
Molar heat,26.74
Named by,
Number,70
Period,6
Group,3
Phase,Solid
Summary,"Ytterbium is a chemical element with symbol Yb and atomic number 70. It is the fourteenth and penultimate element in the lanthanide series, which is the basis of the relative stability of its +2 oxidation state. However, like the other lanthanides, its most common oxidation state is +3, seen in its oxide, halides and other compounds."
Symbol,Yb
Xpos,16
Ypos,9
Wxpos,16
Wypos,6
Shells,"[2, 8, 18, 32, 8, 2]"
Sorted electron configuration,1s2 2s2 2p6 3s2 3p6 3d10 4s2 4p6 4d10 4f14 5s2 5p6 6s2
Electron configuration,1s2 2s2 2p6 3s2 3p6 4s2 3d10 4p6 5s2 4d10 5p6 6s2 4f14
Electron configuration semantic,[Xe] 4f14 6s2
Electron affinity,-1.93
Electronegativity pauling,1.1
Ionization energies,"[603.4, 1174.8, 2417, 4203]"
Cpk-hex,00bf38
Block,f
