Subject,Value
Name,Tin
Appearance,"silvery-white (beta, β) or gray (alpha, α)"
Atomic mass,118.7107
Boil,2875
Category,post-transition metal
Density,7.365
Discovered by,"unknown, before 3500 BC"
Melt,505.08
Molar heat,27.112
Named by,
Number,50
Period,5
Group,14
Phase,Solid
Summary,"Tin is a chemical element with the symbol Sn (for Latin:stannum) and atomic number 50. It is a main group metal in group 14 of the periodic table. Tin shows a chemical similarity to both neighboring group-14 elements, germanium and lead, and has two possible oxidation states, +2 and the slightly more stable +4."
Symbol,Sn
Xpos,14
Ypos,5
Wxpos,28
Wypos,5
Shells,"[2, 8, 18, 18, 4]"
Sorted electron configuration,1s2 2s2 2p6 3s2 3p6 3d10 4s2 4p6 4d10 5s2 5p2
Electron configuration,1s2 2s2 2p6 3s2 3p6 4s2 3d10 4p6 5s2 4d10 5p2
Electron configuration semantic,[Kr] 4d10 5s2 5p2
Electron affinity,107.2984
Electronegativity pauling,1.96
Ionization energies,"[708.6, 1411.8, 2943, 3930.3, 7456]"
Cpk-hex,668080
Block,p
