Subject,Value
Name,Helium
Appearance,"colorless gas, exhibiting a red-orange glow when placed in a high-voltage electric field"
Atomic mass,4.0026022
Boil,4.222
Category,noble gas
Density,0.1786
Discovered by,Pierre Janssen
Melt,0.95
Molar heat,
Named by,
Number,2
Period,1
Group,18
Phase,Gas
Summary,"Helium is a chemical element with symbol He and atomic number 2. It is a colorless, odorless, tasteless, non-toxic, inert, monatomic gas that heads the noble gas group in the periodic table. Its boiling and melting points are the lowest among all the elements."
Symbol,He
Xpos,18
Ypos,1
Wxpos,32
Wypos,1
Shells,[2]
Sorted electron configuration,1s2
Electron configuration,1s2
Electron configuration semantic,1s2
Electron affinity,-48
Electronegativity pauling,
Ionization energies,"[2372.3, 5250.5]"
Cpk-hex,d9ffff
Block,s
