Subject,Value
Name,Lithium
Appearance,silvery-white
Atomic mass,6.94
Boil,1603
Category,alkali metal
Density,0.534
Discovered by,Johan August Arfwedson
Melt,453.65
Molar heat,24.86
Named by,
Number,3
Period,2
Group,1
Phase,Solid
Summary,"Lithium (from Greek:λίθος lithos, ""stone"") is a chemical element with the symbol Li and atomic number 3. It is a soft, silver-white metal belonging to the alkali metal group of chemical elements. Under standard conditions it is the lightest metal and the least dense solid element."
Symbol,Li
Xpos,1
Ypos,2
Wxpos,1
Wypos,2
Shells,"[2, 1]"
Sorted electron configuration,1s2 2s1
Electron configuration,1s2 2s1
Electron configuration semantic,[He] 2s1
Electron affinity,59.6326
Electronegativity pauling,0.98
Ionization energies,"[520.2, 7298.1, 11815]"
Cpk-hex,cc80ff
Block,s
