Subject,Value
Name,Copper
Appearance,red-orange metallic luster
Atomic mass,63.5463
Boil,2835
Category,transition metal
Density,8.96
Discovered by,Middle East
Melt,1357.77
Molar heat,24.44
Named by,
Number,29
Period,4
Group,11
Phase,Solid
Summary,"Copper is a chemical element with symbol Cu (from Latin:cuprum) and atomic number 29. It is a soft, malleable and ductile metal with very high thermal and electrical conductivity. A freshly exposed surface of pure copper has a reddish-orange color."
Symbol,Cu
Xpos,11
Ypos,4
Wxpos,25
Wypos,4
Shells,"[2, 8, 18, 1]"
Sorted electron configuration,1s2 2s2 2p6 3s2 3p6 3d10 4s1
Electron configuration,1s2 2s2 2p6 3s2 3p6 4s1 3d10
Electron configuration semantic,[Ar] 3d10 4s1
Electron affinity,119.235
Electronegativity pauling,1.9
Ionization energies,"[745.5, 1957.9, 3555, 5536, 7700, 9900, 13400, 16000, 19200, 22400, 25600, 35600, 38700, 42000, 46700, 50200, 53700, 61100, 64702, 163700, 174100, 184900, 198800, 210500, 222700, 239100, 249660, 1067358, 1116105]"
Cpk-hex,c88033
Block,d
