Subject,Value
Name,Nitrogen
Appearance,"colorless gas, liquid or solid"
Atomic mass,14.007
Boil,77.355
Category,diatomic nonmetal
Density,1.251
Discovered by,Daniel Rutherford
Melt,63.15
Molar heat,
Named by,Jean-Antoine Chaptal
Number,7
Period,2
Group,15
Phase,Gas
Summary,"Nitrogen is a chemical element with symbol N and atomic number 7. It is the lightest pnictogen and at room temperature, it is a transparent, odorless diatomic gas. Nitrogen is a common element in the universe, estimated at about seventh in total abundance in the Milky Way and the Solar System."
Symbol,N
Xpos,15
Ypos,2
Wxpos,29
Wypos,2
Shells,"[2, 5]"
Sorted electron configuration,1s2 2s2 2p3
Electron configuration,1s2 2s2 2p3
Electron configuration semantic,[He] 2s2 2p3
Electron affinity,-6.8
Electronegativity pauling,3.04
Ionization energies,"[1402.3, 2856, 4578.1, 7475, 9444.9, 53266.6, 64360]"
Cpk-hex,3050f8
Block,p
