Subject,Value
Name,Dubnium
Appearance,
Atomic mass,268
Boil,
Category,transition metal
Density,29.3
Discovered by,Joint Institute for Nuclear Research
Melt,
Molar heat,
Named by,
Number,105
Period,7
Group,5
Phase,Solid
Summary,"Dubnium is a chemical element with symbol Db and atomic number 105. It is named after the town of Dubna in Russia (north of Moscow), where it was first produced. It is a synthetic element (an element that can be created in a laboratory but is not found in nature) and radioactive; the most stable known isotope, dubnium-268, has a half-life of approximately 28 hours."
Symbol,Db
Xpos,5
Ypos,7
Wxpos,19
Wypos,7
Shells,"[2, 8, 18, 32, 32, 11, 2]"
Sorted electron configuration,1s2 2s2 2p6 3s2 3p6 3d10 4s2 4p6 4d10 4f14 5s2 5p6 5d10 5f14 6s2 6p6 6d3 7s2
Electron configuration,1s2 2s2 2p6 3s2 3p6 4s2 3d10 4p6 5s2 4d10 5p6 6s2 4f14 5d10 6p6 7s2 5f14 6d3
Electron configuration semantic,*[Rn] 5f14 6d3 7s2
Electron affinity,
Electronegativity pauling,
Ionization energies,[]
Cpk-hex,d1004f
Block,d
