Subject,Value
Name,Neodymium
Appearance,silvery white
Atomic mass,144.2423
Boil,3347
Category,lanthanide
Density,7.01
Discovered by,Carl Auer von Welsbach
Melt,1297
Molar heat,27.45
Named by,
Number,60
Period,6
Group,3
Phase,Solid
Summary,Neodymium is a chemical element with symbol Nd and atomic number 60. It is a soft silvery metal that tarnishes in air. Neodymium was discovered in 1885 by the Austrian chemist Carl Auer von Welsbach.
Symbol,Nd
Xpos,6
Ypos,9
Wxpos,6
Wypos,6
Shells,"[2, 8, 18, 22, 8, 2]"
Sorted electron configuration,1s2 2s2 2p6 3s2 3p6 3d10 4s2 4p6 4d10 4f4 5s2 5p6 6s2
Electron configuration,1s2 2s2 2p6 3s2 3p6 4s2 3d10 4p6 5s2 4d10 5p6 6s2 4f4
Electron configuration semantic,[Xe] 4f4 6s2
Electron affinity,184.87
Electronegativity pauling,1.14
Ionization energies,"[533.1, 1040, 2130, 3900]"
Cpk-hex,c7ffc7
Block,f
