Subject,Value
Name,Zirconium
Appearance,silvery white
Atomic mass,91.2242
Boil,4650
Category,transition metal
Density,6.52
Discovered by,Martin Heinrich Klaproth
Melt,2128
Molar heat,25.36
Named by,
Number,40
Period,5
Group,4
Phase,Solid
Summary,"Zirconium is a chemical element with symbol Zr and atomic number 40. The name of zirconium is taken from the name of the mineral zircon, the most important source of zirconium. The word zircon comes from the Persian word zargun زرگون, meaning ""gold-colored""."
Symbol,Zr
Xpos,4
Ypos,5
Wxpos,18
Wypos,5
Shells,"[2, 8, 18, 10, 2]"
Sorted electron configuration,1s2 2s2 2p6 3s2 3p6 3d10 4s2 4p6 4d2 5s2
Electron configuration,1s2 2s2 2p6 3s2 3p6 4s2 3d10 4p6 5s2 4d2
Electron configuration semantic,[Kr] 4d2 5s2
Electron affinity,41.806
Electronegativity pauling,1.33
Ionization energies,"[640.1, 1270, 2218, 3313, 7752, 9500]"
Cpk-hex,94e0e0
Block,d
