Subject,Value
Name,Copernicium
Appearance,
Atomic mass,285
Boil,3570
Category,transition metal
Density,14.0
Discovered by,Gesellschaft für Schwerionenforschung
Melt,
Molar heat,
Named by,
Number,112
Period,7
Group,12
Phase,Liquid
Summary,"Copernicium is a chemical element with symbol Cn and atomic number 112. It is an extremely radioactive synthetic element that can only be created in a laboratory. The most stable known isotope, copernicium-285, has a half-life of approximately 29 seconds, but it is possible that this copernicium isotope may have a nuclear isomer with a longer half-life, 8.9 min."
Symbol,Cn
Xpos,12
Ypos,7
Wxpos,26
Wypos,7
Shells,"[2, 8, 18, 32, 32, 18, 2]"
Sorted electron configuration,1s2 2s2 2p6 3s2 3p6 3d10 4s2 4p6 4d10 4f14 5s2 5p6 5d10 5f14 6s2 6p6 6d10 7s2
Electron configuration,1s2 2s2 2p6 3s2 3p6 4s2 3d10 4p6 5s2 4d10 5p6 6s2 4f14 5d10 6p6 7s2 5f14 6d10
Electron configuration semantic,*[Rn] 5f14 6d10 7s2
Electron affinity,
Electronegativity pauling,
Ionization energies,[]
Cpk-hex,
Block,d
