Subject,Value
Name,Vanadium
Appearance,blue-silver-grey metal
Atomic mass,50.94151
Boil,3680
Category,transition metal
Density,6
Discovered by,Andrés Manuel del Río
Melt,2183
Molar heat,24.89
Named by,Isotopes of vanadium
Number,23
Period,4
Group,5
Phase,Solid
Summary,"Vanadium is a chemical element with symbol V and atomic number 23. It is a hard, silvery grey, ductile and malleable transition metal. The element is found only in chemically combined form in nature, but once isolated artificially, the formation of an oxide layer stabilizes the free metal somewhat against further oxidation."
Symbol,V
Xpos,5
Ypos,4
Wxpos,19
Wypos,4
Shells,"[2, 8, 11, 2]"
Sorted electron configuration,1s2 2s2 2p6 3s2 3p6 3d3 4s2
Electron configuration,1s2 2s2 2p6 3s2 3p6 4s2 3d3
Electron configuration semantic,[Ar] 3d3 4s2
Electron affinity,50.911
Electronegativity pauling,1.63
Ionization energies,"[650.9, 1414, 2830, 4507, 6298.7, 12363, 14530, 16730, 19860, 22240, 24670, 29730, 32446, 86450, 94170, 102300, 112700, 121600, 130700, 143400, 151440, 661050, 699144]"
Cpk-hex,a6a6ab
Block,d
