Subject,Value
Name,Cesium
Appearance,silvery gold
Atomic mass,132.905451966
Boil,944
Category,alkali metal
Density,1.93
Discovered by,Robert Bunsen
Melt,301.7
Molar heat,32.21
Named by,
Number,55
Period,6
Group,1
Phase,Solid
Summary,"Caesium or cesium is a chemical element with symbol Cs and atomic number 55. It is a soft, silvery-gold alkali metal with a melting point of 28 °C (82 °F), which makes it one of only five elemental metals that are liquid at or near room temperature. Caesium is an alkali metal and has physical and chemical properties similar to those of rubidium and potassium."
Symbol,Cs
Xpos,1
Ypos,6
Wxpos,1
Wypos,6
Shells,"[2, 8, 18, 18, 8, 1]"
Sorted electron configuration,1s2 2s2 2p6 3s2 3p6 3d10 4s2 4p6 4d10 5s2 5p6 6s1
Electron configuration,1s2 2s2 2p6 3s2 3p6 4s2 3d10 4p6 5s2 4d10 5p6 6s1
Electron configuration semantic,[Xe] 6s1
Electron affinity,45.505
Electronegativity pauling,0.79
Ionization energies,"[375.7, 2234.3, 3400]"
Cpk-hex,57178f
Block,s
