Subject,Value
Name,Livermorium
Appearance,
Atomic mass,293
Boil,1085
Category,"unknown, probably post-transition metal"
Density,12.9
Discovered by,Joint Institute for Nuclear Research
Melt,709
Molar heat,
Named by,
Number,116
Period,7
Group,16
Phase,Solid
Summary,"Livermorium is a synthetic superheavy element with symbol Lv and atomic number 116. It is an extremely radioactive element that has only been created in the laboratory and has not been observed in nature. The element is named after the Lawrence Livermore National Laboratory in the United States, which collaborated with the Joint Institute for Nuclear Research in Dubna, Russia to discover livermorium in 2000."
Symbol,Lv
Xpos,16
Ypos,7
Wxpos,30
Wypos,7
Shells,"[2, 8, 18, 32, 32, 18, 6]"
Sorted electron configuration,1s2 2s2 2p6 3s2 3p6 3d10 4s2 4p6 4d10 4f14 5s2 5p6 5d10 5f14 6s2 6p6 6d10 7s2 7p4
Electron configuration,1s2 2s2 2p6 3s2 3p6 4s2 3d10 4p6 5s2 4d10 5p6 6s2 4f14 5d10 6p6 7s2 5f14 6d10 7p4
Electron configuration semantic,*[Rn] 5f14 6d10 7s2 7p4
Electron affinity,74.9
Electronegativity pauling,
Ionization energies,[]
Cpk-hex,
Block,p
