Subject,Value
Name,Platinum
Appearance,silvery white
Atomic mass,195.0849
Boil,4098
Category,transition metal
Density,21.45
Discovered by,Antonio de Ulloa
Melt,2041.4
Molar heat,25.86
Named by,
Number,78
Period,6
Group,10
Phase,Solid
Summary,"Platinum is a chemical element with symbol Pt and atomic number 78. It is a dense, malleable, ductile, highly unreactive, precious, gray-white transition metal. Its name is derived from the Spanish term platina, which is literally translated into ""little silver""."
Symbol,Pt
Xpos,10
Ypos,6
Wxpos,24
Wypos,6
Shells,"[2, 8, 18, 32, 17, 1]"
Sorted electron configuration,1s2 2s2 2p6 3s2 3p6 3d10 4s2 4p6 4d10 4f14 5s2 5p6 5d9 6s1
Electron configuration,1s2 2s2 2p6 3s2 3p6 4s2 3d10 4p6 5s2 4d10 5p6 6s1 4f14 5d9
Electron configuration semantic,[Xe] 4f14 5d9 6s1
Electron affinity,205.041
Electronegativity pauling,2.28
Ionization energies,"[870, 1791]"
Cpk-hex,d0d0e0
Block,d
