Subject,Value
Name,Rutherfordium
Appearance,
Atomic mass,267
Boil,5800
Category,transition metal
Density,23.2
Discovered by,Joint Institute for Nuclear Research
Melt,2400
Molar heat,
Named by,
Number,104
Period,7
Group,4
Phase,Solid
Summary,"Rutherfordium is a chemical element with symbol Rf and atomic number 104, named in honor of physicist Ernest Rutherford. It is a synthetic element (an element that can be created in a laboratory but is not found in nature) and radioactive; the most stable known isotope, 267Rf, has a half-life of approximately 1.3 hours. In the periodic table of the elements, it is a d - block element and the second of the fourth - row transition elements."
Symbol,Rf
Xpos,4
Ypos,7
Wxpos,18
Wypos,7
Shells,"[2, 8, 18, 32, 32, 10, 2]"
Sorted electron configuration,1s2 2s2 2p6 3s2 3p6 3d10 4s2 4p6 4d10 4f14 5s2 5p6 5d10 5f14 6s2 6p6 6d2 7s2
Electron configuration,1s2 2s2 2p6 3s2 3p6 4s2 3d10 4p6 5s2 4d10 5p6 6s2 4f14 5d10 6p6 7s2 5f14 6d2
Electron configuration semantic,[Rn] 5f14 6d2 7s2
Electron affinity,
Electronegativity pauling,
Ionization energies,[580]
Cpk-hex,cc0059
Block,d
