Subject,Value
Name,Moscovium
Appearance,
Atomic mass,289
Boil,1400
Category,"unknown, probably post-transition metal"
Density,13.5
Discovered by,Joint Institute for Nuclear Research
Melt,670
Molar heat,
Named by,
Number,115
Period,7
Group,15
Phase,Solid
Summary,"Moscovium is the name of a synthetic superheavy element in the periodic table that has the symbol Mc and has the atomic number 115. It is an extremely radioactive element; its most stable known isotope, moscovium-289, has a half-life of only 220 milliseconds. It is also known as eka-bismuth or simply element 115."
Symbol,Mc
Xpos,15
Ypos,7
Wxpos,29
Wypos,7
Shells,"[2, 8, 18, 32, 32, 18, 5]"
Sorted electron configuration,1s2 2s2 2p6 3s2 3p6 3d10 4s2 4p6 4d10 4f14 5s2 5p6 5d10 5f14 6s2 6p6 6d10 7s2 7p3
Electron configuration,1s2 2s2 2p6 3s2 3p6 4s2 3d10 4p6 5s2 4d10 5p6 6s2 4f14 5d10 6p6 7s2 5f14 6d10 7p3
Electron configuration semantic,*[Rn] 5f14 6d10 7s2 7p3
Electron affinity,35.3
Electronegativity pauling,
Ionization energies,[]
Cpk-hex,
Block,p
