Subject,Value
Name,Lead
Appearance,metallic gray
Atomic mass,207.21
Boil,2022
Category,post-transition metal
Density,11.34
Discovered by,Middle East
Melt,600.61
Molar heat,26.65
Named by,
Number,82
Period,6
Group,14
Phase,Solid
Summary,"Lead (/lɛd/) is a chemical element in the carbon group with symbol Pb (from Latin:plumbum) and atomic number 82. Lead is a soft, malleable and heavy post-transition metal. Metallic lead has a bluish-white color after being freshly cut, but it soon tarnishes to a dull grayish color when exposed to air."
Symbol,Pb
Xpos,14
Ypos,6
Wxpos,28
Wypos,6
Shells,"[2, 8, 18, 32, 18, 4]"
Sorted electron configuration,1s2 2s2 2p6 3s2 3p6 3d10 4s2 4p6 4d10 4f14 5s2 5p6 5d10 6s2 6p2
Electron configuration,1s2 2s2 2p6 3s2 3p6 4s2 3d10 4p6 5s2 4d10 5p6 6s2 4f14 5d10 6p2
Electron configuration semantic,[Xe] 4f14 5d10 6s2 6p2
Electron affinity,34.4204
Electronegativity pauling,1.87
Ionization energies,"[715.6, 1450.5, 3081.5, 4083, 6640]"
Cpk-hex,575961
Block,p
