Subject,Value
Name,Lawrencium
Appearance,
Atomic mass,266
Boil,
Category,actinide
Density,
Discovered by,Lawrence Berkeley National Laboratory
Melt,1900
Molar heat,
Named by,
Number,103
Period,7
Group,3
Phase,Solid
Summary,"Lawrencium is a synthetic chemical element with chemical symbol Lr (formerly Lw) and atomic number 103. It is named in honor of Ernest Lawrence, inventor of the cyclotron, a device that was used to discover many artificial radioactive elements. A radioactive metal, lawrencium is the eleventh transuranic element and is also the final member of the actinide series."
Symbol,Lr
Xpos,17
Ypos,10
Wxpos,17
Wypos,7
Shells,"[2, 8, 18, 32, 32, 8, 3]"
Sorted electron configuration,1s2 2s2 2p6 3s2 3p6 3d10 4s2 4p6 4d10 4f14 5s2 5p6 5d10 5f14 6s2 6p6 7s2 7p1
Electron configuration,1s2 2s2 2p6 3s2 3p6 4s2 3d10 4p6 5s2 4d10 5p6 6s2 4f14 5d10 6p6 7s2 5f14 7p1
Electron configuration semantic,[Rn] 5f14 7s2 7p1
Electron affinity,-30.04
Electronegativity pauling,1.3
Ionization energies,[470]
Cpk-hex,c70066
Block,d
