Subject,Value
Name,Zinc
Appearance,silver-gray
Atomic mass,65.382
Boil,1180
Category,transition metal
Density,7.14
Discovered by,India
Melt,692.68
Molar heat,25.47
Named by,
Number,30
Period,4
Group,12
Phase,Solid
Summary,"Zinc, in commerce also spelter, is a chemical element with symbol Zn and atomic number 30. It is the first element of group 12 of the periodic table. In some respects zinc is chemically similar to magnesium:its ion is of similar size and its only common oxidation state is +2."
Symbol,Zn
Xpos,12
Ypos,4
Wxpos,26
Wypos,4
Shells,"[2, 8, 18, 2]"
Sorted electron configuration,1s2 2s2 2p6 3s2 3p6 3d10 4s2
Electron configuration,1s2 2s2 2p6 3s2 3p6 4s2 3d10
Electron configuration semantic,[Ar] 3d10 4s2
Electron affinity,-58
Electronegativity pauling,1.65
Ionization energies,"[906.4, 1733.3, 3833, 5731, 7970, 10400, 12900, 16800, 19600, 23000, 26400, 29990, 40490, 43800, 47300, 52300, 55900, 59700, 67300, 71200, 179100]"
Cpk-hex,7d80b0
Block,d
