Subject,Value
Name,Thulium
Appearance,silvery gray
Atomic mass,168.934222
Boil,2223
Category,lanthanide
Density,9.32
Discovered by,Per Teodor Cleve
Melt,1818
Molar heat,27.03
Named by,
Number,69
Period,6
Group,3
Phase,Solid
Summary,"Thulium is a chemical element with symbol Tm and atomic number 69. It is the thirteenth and antepenultimate (third-last) element in the lanthanide series. Like the other lanthanides, the most common oxidation state is +3, seen in its oxide, halides and other compounds."
Symbol,Tm
Xpos,15
Ypos,9
Wxpos,15
Wypos,6
Shells,"[2, 8, 18, 31, 8, 2]"
Sorted electron configuration,1s2 2s2 2p6 3s2 3p6 3d10 4s2 4p6 4d10 4f13 5s2 5p6 6s2
Electron configuration,1s2 2s2 2p6 3s2 3p6 4s2 3d10 4p6 5s2 4d10 5p6 6s2 4f13
Electron configuration semantic,[Xe] 4f13 6s2
Electron affinity,99
Electronegativity pauling,1.25
Ionization energies,"[596.7, 1160, 2285, 4120]"
Cpk-hex,00d452
Block,f
