Subject,Value
Name,Californium
Appearance,silvery
Atomic mass,251
Boil,1743
Category,actinide
Density,15.1
Discovered by,Lawrence Berkeley National Laboratory
Melt,1173
Molar heat,
Named by,
Number,98
Period,7
Group,3
Phase,Solid
Summary,"Californium is a radioactive metallic chemical element with symbol Cf and atomic number 98. The element was first made in 1950 at the University of California Radiation Laboratory in Berkeley, by bombarding curium with alpha particles (helium-4 ions). It is an actinide element, the sixth transuranium element to be synthesized, and has the second-highest atomic mass of all the elements that have been produced in amounts large enough to see with the unaided eye (after einsteinium)."
Symbol,Cf
Xpos,12
Ypos,10
Wxpos,12
Wypos,7
Shells,"[2, 8, 18, 32, 28, 8, 2]"
Sorted electron configuration,1s2 2s2 2p6 3s2 3p6 3d10 4s2 4p6 4d10 4f14 5s2 5p6 5d10 5f10 6s2 6p6 7s2
Electron configuration,1s2 2s2 2p6 3s2 3p6 4s2 3d10 4p6 5s2 4d10 5p6 6s2 4f14 5d10 6p6 7s2 5f10
Electron configuration semantic,[Rn] 5f10 7s2
Electron affinity,-97.31
Electronegativity pauling,1.3
Ionization energies,[608]
Cpk-hex,a136d4
Block,f
