Subject,Value
Name,Thallium
Appearance,silvery white
Atomic mass,204.38
Boil,1746
Category,post-transition metal
Density,11.85
Discovered by,William Crookes
Melt,577
Molar heat,26.32
Named by,
Number,81
Period,6
Group,13
Phase,Solid
Summary,"Thallium is a chemical element with symbol Tl and atomic number 81. This soft gray post-transition metal is not found free in nature. When isolated, it resembles tin, but discolors when exposed to air."
Symbol,Tl
Xpos,13
Ypos,6
Wxpos,27
Wypos,6
Shells,"[2, 8, 18, 32, 18, 3]"
Sorted electron configuration,1s2 2s2 2p6 3s2 3p6 3d10 4s2 4p6 4d10 4f14 5s2 5p6 5d10 6s2 6p1
Electron configuration,1s2 2s2 2p6 3s2 3p6 4s2 3d10 4p6 5s2 4d10 5p6 6s2 4f14 5d10 6p1
Electron configuration semantic,[Xe] 4f14 5d10 6s2 6p1
Electron affinity,36.4
Electronegativity pauling,1.62
Ionization energies,"[589.4, 1971, 2878]"
Cpk-hex,a6544d
Block,p
