Subject,Value
Name,Lutetium
Appearance,silvery white
Atomic mass,174.96681
Boil,3675
Category,lanthanide
Density,9.841
Discovered by,Georges Urbain
Melt,1925
Molar heat,26.86
Named by,
Number,71
Period,6
Group,3
Phase,Solid
Summary,"Lutetium is a chemical element with symbol Lu and atomic number 71. It is a silvery white metal, which resists corrosion in dry, but not in moist air. It is considered the first element of the 6th-period transition metals and the last element in the lanthanide series, and is traditionally counted among the rare earths."
Symbol,Lu
Xpos,17
Ypos,9
Wxpos,17
Wypos,6
Shells,"[2, 8, 18, 32, 9, 2]"
Sorted electron configuration,1s2 2s2 2p6 3s2 3p6 3d10 4s2 4p6 4d10 4f14 5s2 5p6 5d1 6s2
Electron configuration,1s2 2s2 2p6 3s2 3p6 4s2 3d10 4p6 5s2 4d10 5p6 6s2 4f14 5d1
Electron configuration semantic,[Xe] 4f14 5d1 6s2
Electron affinity,33.4
Electronegativity pauling,1.27
Ionization energies,"[523.5, 1340, 2022.3, 4370, 6445]"
Cpk-hex,00ab24
Block,d
