Subject,Value
Name,Oxygen
Appearance,
Atomic mass,15.999
Boil,90.188
Category,diatomic nonmetal
Density,1.429
Discovered by,Carl Wilhelm Scheele
Melt,54.36
Molar heat,
Named by,Antoine Lavoisier
Number,8
Period,2
Group,16
Phase,Gas
Summary,"Oxygen is a chemical element with symbol O and atomic number 8. It is a member of the chalcogen group on the periodic table and is a highly reactive nonmetal and oxidizing agent that readily forms compounds (notably oxides) with most elements. By mass, oxygen is the third-most abundant element in the universe, after hydrogen and helium."
Symbol,O
Xpos,16
Ypos,2
Wxpos,30
Wypos,2
Shells,"[2, 6]"
Sorted electron configuration,1s2 2s2 2p4
Electron configuration,1s2 2s2 2p4
Electron configuration semantic,[He] 2s2 2p4
Electron affinity,140.976
Electronegativity pauling,3.44
Ionization energies,"[1313.9, 3388.3, 5300.5, 7469.2, 10989.5, 13326.5, 71330, 84078]"
Cpk-hex,ff0d0d
Block,p
