Subject,Value
Name,Magnesium
Appearance,shiny grey solid
Atomic mass,24.305
Boil,1363
Category,alkaline earth metal
Density,1.738
Discovered by,Joseph Black
Melt,923
Molar heat,24.869
Named by,
Number,12
Period,3
Group,2
Phase,Solid
Summary,"Magnesium is a chemical element with symbol Mg and atomic number 12. It is a shiny gray solid which bears a close physical resemblance to the other five elements in the second column (Group 2, or alkaline earth metals) of the periodic table:they each have the same electron configuration in their outer electron shell producing a similar crystal structure. Magnesium is the ninth most abundant element in the universe."
Symbol,Mg
Xpos,2
Ypos,3
Wxpos,2
Wypos,3
Shells,"[2, 8, 2]"
Sorted electron configuration,1s2 2s2 2p6 3s2
Electron configuration,1s2 2s2 2p6 3s2
Electron configuration semantic,[Ne] 3s2
Electron affinity,-40
Electronegativity pauling,1.31
Ionization energies,"[737.7, 1450.7, 7732.7, 10542.5, 13630, 18020, 21711, 25661, 31653, 35458, 169988, 189368]"
Cpk-hex,8aff00
Block,s
