Subject,Value
Name,Promethium
Appearance,metallic
Atomic mass,145
Boil,3273
Category,lanthanide
Density,7.26
Discovered by,Chien Shiung Wu
Melt,1315
Molar heat,
Named by,Isotopes of promethium
Number,61
Period,6
Group,3
Phase,Solid
Summary,"Promethium, originally prometheum, is a chemical element with the symbol Pm and atomic number 61. All of its isotopes are radioactive; it is one of only two such elements that are followed in the periodic table by elements with stable forms, a distinction shared with technetium. Chemically, promethium is a lanthanide, which forms salts when combined with other elements."
Symbol,Pm
Xpos,7
Ypos,9
Wxpos,7
Wypos,6
Shells,"[2, 8, 18, 23, 8, 2]"
Sorted electron configuration,1s2 2s2 2p6 3s2 3p6 3d10 4s2 4p6 4d10 4f5 5s2 5p6 6s2
Electron configuration,1s2 2s2 2p6 3s2 3p6 4s2 3d10 4p6 5s2 4d10 5p6 6s2 4f5
Electron configuration semantic,[Xe] 4f5 6s2
Electron affinity,12.45
Electronegativity pauling,1.13
Ionization energies,"[540, 1050, 2150, 3970]"
Cpk-hex,a3ffc7
Block,f
