Subject,Value
Name,Roentgenium
Appearance,
Atomic mass,282
Boil,
Category,"unknown, probably transition metal"
Density,28.7
Discovered by,Gesellschaft für Schwerionenforschung
Melt,
Molar heat,
Named by,
Number,111
Period,7
Group,11
Phase,Solid
Summary,"Roentgenium is a chemical element with symbol Rg and atomic number 111. It is an extremely radioactive synthetic element (an element that can be created in a laboratory but is not found in nature); the most stable known isotope, roentgenium-282, has a half-life of 2.1 minutes. Roentgenium was first created in 1994 by the GSI Helmholtz Centre for Heavy Ion Research near Darmstadt, Germany."
Symbol,Rg
Xpos,11
Ypos,7
Wxpos,25
Wypos,7
Shells,"[2, 8, 18, 32, 32, 17, 2]"
Sorted electron configuration,1s2 2s2 2p6 3s2 3p6 3d10 4s2 4p6 4d10 4f14 5s2 5p6 5d10 5f14 6s2 6p6 6d9 7s2
Electron configuration,1s2 2s2 2p6 3s2 3p6 4s2 3d10 4p6 5s2 4d10 5p6 6s2 4f14 5d10 6p6 7s2 5f14 6d9
Electron configuration semantic,*[Rn] 5f14 6d10 7s1
Electron affinity,151
Electronegativity pauling,
Ionization energies,[]
Cpk-hex,
Block,d
