Subject,Value
Name,Protactinium
Appearance,"bright, silvery metallic luster"
Atomic mass,231.035882
Boil,4300
Category,actinide
Density,15.37
Discovered by,William Crookes
Melt,1841
Molar heat,
Named by,Otto Hahn
Number,91
Period,7
Group,3
Phase,Solid
Summary,"Protactinium is a chemical element with symbol Pa and atomic number 91. It is a dense, silvery-gray metal which readily reacts with oxygen, water vapor and inorganic acids. It forms various chemical compounds where protactinium is usually present in the oxidation state +5, but can also assume +4 and even +2 or +3 states."
Symbol,Pa
Xpos,5
Ypos,10
Wxpos,5
Wypos,7
Shells,"[2, 8, 18, 32, 20, 9, 2]"
Sorted electron configuration,1s2 2s2 2p6 3s2 3p6 3d10 4s2 4p6 4d10 4f14 5s2 5p6 5d10 5f2 6s2 6p6 6d1 7s2
Electron configuration,1s2 2s2 2p6 3s2 3p6 4s2 3d10 4p6 5s2 4d10 5p6 6s2 4f14 5d10 6p6 7s2 5f2 6d1
Electron configuration semantic,[Rn] 5f2 6d1 7s2
Electron affinity,53.03
Electronegativity pauling,1.5
Ionization energies,[568]
Cpk-hex,00a1ff
Block,f
