Subject,Value
Name,Praseodymium
Appearance,grayish white
Atomic mass,140.907662
Boil,3403
Category,lanthanide
Density,6.77
Discovered by,Carl Auer von Welsbach
Melt,1208
Molar heat,27.2
Named by,
Number,59
Period,6
Group,3
Phase,Solid
Summary,"Praseodymium is a chemical element with symbol Pr and atomic number 59. Praseodymium is a soft, silvery, malleable and ductile metal in the lanthanide group. It is valued for its magnetic, electrical, chemical, and optical properties."
Symbol,Pr
Xpos,5
Ypos,9
Wxpos,5
Wypos,6
Shells,"[2, 8, 18, 21, 8, 2]"
Sorted electron configuration,1s2 2s2 2p6 3s2 3p6 3d10 4s2 4p6 4d10 4f3 5s2 5p6 6s2
Electron configuration,1s2 2s2 2p6 3s2 3p6 4s2 3d10 4p6 5s2 4d10 5p6 6s2 4f3
Electron configuration semantic,[Xe] 4f3 6s2
Electron affinity,93
Electronegativity pauling,1.13
Ionization energies,"[527, 1020, 2086, 3761, 5551]"
Cpk-hex,d9ffc7
Block,f
