Subject,Value
Name,Antimony
Appearance,silvery lustrous gray
Atomic mass,121.7601
Boil,1908
Category,metalloid
Density,6.697
Discovered by,"unknown, before 3000 BC"
Melt,903.78
Molar heat,25.23
Named by,
Number,51
Period,5
Group,15
Phase,Solid
Summary,"Antimony is a chemical element with symbol Sb (from Latin:stibium) and atomic number 51. A lustrous gray metalloid, it is found in nature mainly as the sulfide mineral stibnite (Sb2S3). Antimony compounds have been known since ancient times and were used for cosmetics; metallic antimony was also known, but it was erroneously identified as lead upon its discovery."
Symbol,Sb
Xpos,15
Ypos,5
Wxpos,29
Wypos,5
Shells,"[2, 8, 18, 18, 5]"
Sorted electron configuration,1s2 2s2 2p6 3s2 3p6 3d10 4s2 4p6 4d10 5s2 5p3
Electron configuration,1s2 2s2 2p6 3s2 3p6 4s2 3d10 4p6 5s2 4d10 5p3
Electron configuration semantic,[Kr] 4d10 5s2 5p3
Electron affinity,101.059
Electronegativity pauling,2.05
Ionization energies,"[834, 1594.9, 2440, 4260, 5400, 10400]"
Cpk-hex,9e63b5
Block,p
