Subject,Value
Name,Mercury
Appearance,silvery
Atomic mass,200.5923
Boil,629.88
Category,transition metal
Density,13.534
Discovered by,"unknown, before 2000 BCE"
Melt,234.321
Molar heat,27.983
Named by,
Number,80
Period,6
Group,12
Phase,Liquid
Summary,"Mercury is a chemical element with symbol Hg and atomic number 80. It is commonly known as quicksilver and was formerly named hydrargyrum (/haɪˈdrɑːrdʒərəm/). A heavy, silvery d-block element, mercury is the only metallic element that is liquid at standard conditions for temperature and pressure; the only other element that is liquid under these conditions is bromine, though metals such as caesium, gallium, and rubidium melt just above room temperature."
Symbol,Hg
Xpos,12
Ypos,6
Wxpos,26
Wypos,6
Shells,"[2, 8, 18, 32, 18, 2]"
Sorted electron configuration,1s2 2s2 2p6 3s2 3p6 3d10 4s2 4p6 4d10 4f14 5s2 5p6 5d10 6s2
Electron configuration,1s2 2s2 2p6 3s2 3p6 4s2 3d10 4p6 5s2 4d10 5p6 6s2 4f14 5d10
Electron configuration semantic,[Xe] 4f14 5d10 6s2
Electron affinity,-48
Electronegativity pauling,2
Ionization energies,"[1007.1, 1810, 3300]"
Cpk-hex,b8b8d0
Block,d
