Subject,Value
Name,Astatine
Appearance,"unknown, probably metallic"
Atomic mass,210
Boil,610
Category,metalloid
Density,6.35
Discovered by,Dale R. Corson
Melt,575
Molar heat,
Named by,
Number,85
Period,6
Group,17
Phase,Solid
Summary,"Astatine is a very rare radioactive chemical element with the chemical symbol At and atomic number 85. It occurs on Earth as the decay product of various heavier elements. All its isotopes are short-lived; the most stable is astatine-210, with a half-life of 8.1 hours."
Symbol,At
Xpos,17
Ypos,6
Wxpos,31
Wypos,6
Shells,"[2, 8, 18, 32, 18, 7]"
Sorted electron configuration,1s2 2s2 2p6 3s2 3p6 3d10 4s2 4p6 4d10 4f14 5s2 5p6 5d10 6s2 6p5
Electron configuration,1s2 2s2 2p6 3s2 3p6 4s2 3d10 4p6 5s2 4d10 5p6 6s2 4f14 5d10 6p5
Electron configuration semantic,[Xe] 4f14 5d10 6s2 6p5
Electron affinity,233
Electronegativity pauling,2.2
Ionization energies,[899.003]
Cpk-hex,754f45
Block,p
