Subject,Value
Name,Hassium
Appearance,
Atomic mass,269
Boil,
Category,transition metal
Density,40.7
Discovered by,Gesellschaft für Schwerionenforschung
Melt,126
Molar heat,
Named by,
Number,108
Period,7
Group,8
Phase,Solid
Summary,"Hassium is a chemical element with symbol Hs and atomic number 108, named after the German state of Hesse. It is a synthetic element (an element that can be created in a laboratory but is not found in nature) and radioactive; the most stable known isotope, 269Hs, has a half-life of approximately 9.7 seconds, although an unconfirmed metastable state, 277mHs, may have a longer half-life of about 130 seconds. More than 100 atoms of hassium have been synthesized to date."
Symbol,Hs
Xpos,8
Ypos,7
Wxpos,22
Wypos,7
Shells,"[2, 8, 18, 32, 32, 14, 2]"
Sorted electron configuration,1s2 2s2 2p6 3s2 3p6 3d10 4s2 4p6 4d10 4f14 5s2 5p6 5d10 5f14 6s2 6p6 6d6 7s2
Electron configuration,1s2 2s2 2p6 3s2 3p6 4s2 3d10 4p6 5s2 4d10 5p6 6s2 4f14 5d10 6p6 7s2 5f14 6d6
Electron configuration semantic,*[Rn] 5f14 6d6 7s2
Electron affinity,
Electronegativity pauling,
Ionization energies,[]
Cpk-hex,e6002e
Block,d
