Subject,Value
Name,Mendelevium
Appearance,
Atomic mass,258
Boil,
Category,actinide
Density,
Discovered by,Lawrence Berkeley National Laboratory
Melt,1100
Molar heat,
Named by,
Number,101
Period,7
Group,3
Phase,Solid
Summary,"Mendelevium is a synthetic element with chemical symbol Md (formerly Mv) and atomic number 101. A metallic radioactive transuranic element in the actinide series, it is the first element that currently cannot be produced in macroscopic quantities through neutron bombardment of lighter elements. It is the antepenultimate actinide and the ninth transuranic element."
Symbol,Md
Xpos,15
Ypos,10
Wxpos,15
Wypos,7
Shells,"[2, 8, 18, 32, 31, 8, 2]"
Sorted electron configuration,1s2 2s2 2p6 3s2 3p6 3d10 4s2 4p6 4d10 4f14 5s2 5p6 5d10 5f13 6s2 6p6 7s2
Electron configuration,1s2 2s2 2p6 3s2 3p6 4s2 3d10 4p6 5s2 4d10 5p6 6s2 4f14 5d10 6p6 7s2 5f13
Electron configuration semantic,[Rn] 5f13 7s2
Electron affinity,93.91
Electronegativity pauling,1.3
Ionization energies,[635]
Cpk-hex,b30da6
Block,f
