Subject,Value
Name,Plutonium
Appearance,"silvery white, tarnishing to dark gray in air"
Atomic mass,244
Boil,3505
Category,actinide
Density,19.816
Discovered by,Glenn T. Seaborg
Melt,912.5
Molar heat,35.5
Named by,
Number,94
Period,7
Group,3
Phase,Solid
Summary,"Plutonium is a transuranic radioactive chemical element with symbol Pu and atomic number 94. It is an actinide metal of silvery-gray appearance that tarnishes when exposed to air, and forms a dull coating when oxidized. The element normally exhibits six allotropes and four oxidation states."
Symbol,Pu
Xpos,8
Ypos,10
Wxpos,8
Wypos,7
Shells,"[2, 8, 18, 32, 24, 8, 2]"
Sorted electron configuration,1s2 2s2 2p6 3s2 3p6 3d10 4s2 4p6 4d10 4f14 5s2 5p6 5d10 5f6 6s2 6p6 7s2
Electron configuration,1s2 2s2 2p6 3s2 3p6 4s2 3d10 4p6 5s2 4d10 5p6 6s2 4f14 5d10 6p6 7s2 5f6
Electron configuration semantic,[Rn] 5f6 7s2
Electron affinity,-48.33
Electronegativity pauling,1.28
Ionization energies,[584.7]
Cpk-hex,006bff
Block,f
