Subject,Value
Name,Nickel
Appearance,"lustrous, metallic, and silver with a gold tinge"
Atomic mass,58.69344
Boil,3003
Category,transition metal
Density,8.908
Discovered by,Axel Fredrik Cronstedt
Melt,1728
Molar heat,26.07
Named by,
Number,28
Period,4
Group,10
Phase,Solid
Summary,Nickel is a chemical element with symbol Ni and atomic number 28. It is a silvery-white lustrous metal with a slight golden tinge. Nickel belongs to the transition metals and is hard and ductile.
Symbol,Ni
Xpos,10
Ypos,4
Wxpos,24
Wypos,4
Shells,"[2, 8, 16, 2]"
Sorted electron configuration,1s2 2s2 2p6 3s2 3p6 3d8 4s2
Electron configuration,1s2 2s2 2p6 3s2 3p6 4s2 3d8
Electron configuration semantic,[Ar] 3d8 4s2
Electron affinity,111.65
Electronegativity pauling,1.91
Ionization energies,"[737.1, 1753, 3395, 5300, 7339, 10400, 12800, 15600, 18600, 21670, 30970, 34000, 37100, 41500, 44800, 48100, 55101, 58570, 148700, 159000, 169400, 182700, 194000, 205600, 221400, 231490, 992718, 1039668]"
Cpk-hex,50d050
Block,d
