Subject,Value
Name,Dysprosium
Appearance,silvery white
Atomic mass,162.5001
Boil,2840
Category,lanthanide
Density,8.54
Discovered by,Lecoq de Boisbaudran
Melt,1680
Molar heat,27.7
Named by,
Number,66
Period,6
Group,3
Phase,Solid
Summary,"Dysprosium is a chemical element with the symbol Dy and atomic number 66. It is a rare earth element with a metallic silver luster. Dysprosium is never found in nature as a free element, though it is found in various minerals, such as xenotime."
Symbol,Dy
Xpos,12
Ypos,9
Wxpos,12
Wypos,6
Shells,"[2, 8, 18, 28, 8, 2]"
Sorted electron configuration,1s2 2s2 2p6 3s2 3p6 3d10 4s2 4p6 4d10 4f10 5s2 5p6 6s2
Electron configuration,1s2 2s2 2p6 3s2 3p6 4s2 3d10 4p6 5s2 4d10 5p6 6s2 4f10
Electron configuration semantic,[Xe] 4f10 6s2
Electron affinity,33.96
Electronegativity pauling,1.22
Ionization energies,"[573, 1130, 2200, 3990]"
Cpk-hex,1fffc7
Block,f
