Subject,Value
Name,Boron
Appearance,black-brown
Atomic mass,10.81
Boil,4200
Category,metalloid
Density,2.08
Discovered by,Joseph Louis Gay-Lussac
Melt,2349
Molar heat,11.087
Named by,
Number,5
Period,2
Group,13
Phase,Solid
Summary,"Boron is a metalloid chemical element with symbol B and atomic number 5. Produced entirely by cosmic ray spallation and supernovae and not by stellar nucleosynthesis, it is a low-abundance element in both the Solar system and the Earth's crust. Boron is concentrated on Earth by the water-solubility of its more common naturally occurring compounds, the borate minerals."
Symbol,B
Xpos,13
Ypos,2
Wxpos,27
Wypos,2
Shells,"[2, 3]"
Sorted electron configuration,1s2 2s2 2p1
Electron configuration,1s2 2s2 2p1
Electron configuration semantic,[He] 2s2 2p1
Electron affinity,26.989
Electronegativity pauling,2.04
Ionization energies,"[800.6, 2427.1, 3659.7, 25025.8, 32826.7]"
Cpk-hex,ffb5b5
Block,p
