Subject,Value
Name,Lanthanum
Appearance,silvery white
Atomic mass,138.905477
Boil,3737
Category,lanthanide
Density,6.162
Discovered by,Carl Gustaf Mosander
Melt,1193
Molar heat,27.11
Named by,
Number,57
Period,6
Group,3
Phase,Solid
Summary,"Lanthanum is a soft, ductile, silvery-white metallic chemical element with symbol La and atomic number 57. It tarnishes rapidly when exposed to air and is soft enough to be cut with a knife. It gave its name to the lanthanide series, a group of 15 similar elements between lanthanum and lutetium in the periodic table:it is also sometimes considered the first element of the 6th-period transition metals."
Symbol,La
Xpos,3
Ypos,9
Wxpos,3
Wypos,6
Shells,"[2, 8, 18, 18, 9, 2]"
Sorted electron configuration,1s2 2s2 2p6 3s2 3p6 3d10 4s2 4p6 4d10 5s2 5p6 5d1 6s2
Electron configuration,1s2 2s2 2p6 3s2 3p6 4s2 3d10 4p6 5s2 4d10 5p6 6s2 5d1
Electron configuration semantic,[Xe] 5d16s2
Electron affinity,53
Electronegativity pauling,1.1
Ionization energies,"[538.1, 1067, 1850.3, 4819, 5940]"
Cpk-hex,70d4ff
Block,f
