Subject,Value
Name,Nobelium
Appearance,
Atomic mass,259
Boil,
Category,actinide
Density,
Discovered by,Joint Institute for Nuclear Research
Melt,1100
Molar heat,
Named by,
Number,102
Period,7
Group,3
Phase,Solid
Summary,"Nobelium is a synthetic chemical element with symbol No and atomic number 102. It is named in honor of Alfred Nobel, the inventor of dynamite and benefactor of science. A radioactive metal, it is the tenth transuranic element and is the penultimate member of the actinide series."
Symbol,No
Xpos,16
Ypos,10
Wxpos,16
Wypos,7
Shells,"[2, 8, 18, 32, 32, 8, 2]"
Sorted electron configuration,1s2 2s2 2p6 3s2 3p6 3d10 4s2 4p6 4d10 4f14 5s2 5p6 5d10 5f14 6s2 6p6 7s2
Electron configuration,1s2 2s2 2p6 3s2 3p6 4s2 3d10 4p6 5s2 4d10 5p6 6s2 4f14 5d10 6p6 7s2 5f14
Electron configuration semantic,[Rn] 5f14 7s2
Electron affinity,-223.22
Electronegativity pauling,1.3
Ionization energies,[642]
Cpk-hex,bd0d87
Block,f
