Subject,Value
Name,Oganesson
Appearance,
Atomic mass,294
Boil,350
Category,"unknown, predicted to be noble gas"
Density,4.95
Discovered by,Joint Institute for Nuclear Research
Melt,
Molar heat,
Named by,
Number,118
Period,7
Group,18
Phase,Solid
Summary,"Oganesson is IUPAC's name for the transactinide element with the atomic number 118 and element symbol Og. It is also known as eka-radon or element 118, and on the periodic table of the elements it is a p-block element and the last one of the 7th period. Oganesson is currently the only synthetic member of group 18."
Symbol,Og
Xpos,18
Ypos,7
Wxpos,32
Wypos,7
Shells,"[2, 8, 18, 32, 32, 18, 8]"
Sorted electron configuration,1s2 2s2 2p6 3s2 3p6 3d10 4s2 4p6 4d10 4f14 5s2 5p6 5d10 5f14 6s2 6p6 6d10 7s2 7p6
Electron configuration,1s2 2s2 2p6 3s2 3p6 4s2 3d10 4p6 5s2 4d10 5p6 6s2 4f14 5d10 6p6 7s2 5f14 6d10 7p6
Electron configuration semantic,*[Rn] 5f14 6d10 7s2 7p6
Electron affinity,5.40318
Electronegativity pauling,
Ionization energies,[]
Cpk-hex,
Block,p
