Subject,Value
Name,Curium
Appearance,"silvery metallic, glows purple in the dark"
Atomic mass,247
Boil,3383
Category,actinide
Density,13.51
Discovered by,Glenn T. Seaborg
Melt,1613
Molar heat,
Named by,
Number,96
Period,7
Group,3
Phase,Solid
Summary,"Curium is a transuranic radioactive chemical element with symbol Cm and atomic number 96. This element of the actinide series was named after Marie and Pierre Curie – both were known for their research on radioactivity. Curium was first intentionally produced and identified in July 1944 by the group of Glenn T. Seaborg at the University of California, Berkeley."
Symbol,Cm
Xpos,10
Ypos,10
Wxpos,10
Wypos,7
Shells,"[2, 8, 18, 32, 25, 9, 2]"
Sorted electron configuration,1s2 2s2 2p6 3s2 3p6 3d10 4s2 4p6 4d10 4f14 5s2 5p6 5d10 5f7 6s2 6p6 6d1 7s2
Electron configuration,1s2 2s2 2p6 3s2 3p6 4s2 3d10 4p6 5s2 4d10 5p6 6s2 4f14 5d10 6p6 7s2 5f7 6d1
Electron configuration semantic,[Rn] 5f7 6d1 7s2
Electron affinity,27.17
Electronegativity pauling,1.28
Ionization energies,[581]
Cpk-hex,785ce3
Block,f
