Subject,Value
Name,Europium
Appearance,
Atomic mass,151.9641
Boil,1802
Category,lanthanide
Density,5.264
Discovered by,Eugène-Anatole Demarçay
Melt,1099
Molar heat,27.66
Named by,
Number,63
Period,6
Group,3
Phase,Solid
Summary,"Europium is a chemical element with symbol Eu and atomic number 63. It was isolated in 1901 and is named after the continent of Europe. It is a moderately hard, silvery metal which readily oxidizes in air and water."
Symbol,Eu
Xpos,9
Ypos,9
Wxpos,9
Wypos,6
Shells,"[2, 8, 18, 25, 8, 2]"
Sorted electron configuration,1s2 2s2 2p6 3s2 3p6 3d10 4s2 4p6 4d10 4f7 5s2 5p6 6s2
Electron configuration,1s2 2s2 2p6 3s2 3p6 4s2 3d10 4p6 5s2 4d10 5p6 6s2 4f7
Electron configuration semantic,[Xe] 4f7 6s2
Electron affinity,11.2
Electronegativity pauling,1.2
Ionization energies,"[547.1, 1085, 2404, 4120]"
Cpk-hex,61ffc7
Block,f
