Subject,Value
Name,Carbon
Appearance,
Atomic mass,12.011
Boil,
Category,polyatomic nonmetal
Density,1.821
Discovered by,Ancient Egypt
Melt,
Molar heat,8.517
Named by,
Number,6
Period,2
Group,14
Phase,Solid
Summary,"Carbon (from Latin:carbo ""coal"") is a chemical element with symbol C and atomic number 6. On the periodic table, it is the first (row 2) of six elements in column (group) 14, which have in common the composition of their outer electron shell. It is nonmetallic and tetravalent—making four electrons available to form covalent chemical bonds."
Symbol,C
Xpos,14
Ypos,2
Wxpos,28
Wypos,2
Shells,"[2, 4]"
Sorted electron configuration,1s2 2s2 2p2
Electron configuration,1s2 2s2 2p2
Electron configuration semantic,[He] 2s2 2p2
Electron affinity,121.7763
Electronegativity pauling,2.55
Ionization energies,"[1086.5, 2352.6, 4620.5, 6222.7, 37831, 47277]"
Cpk-hex,909090
Block,p
