Subject,Value
Name,Xenon
Appearance,"colorless gas, exhibiting a blue glow when placed in a high voltage electric field"
Atomic mass,131.2936
Boil,165.051
Category,noble gas
Density,5.894
Discovered by,William Ramsay
Melt,161.4
Molar heat,
Named by,
Number,54
Period,5
Group,18
Phase,Gas
Summary,"Xenon is a chemical element with symbol Xe and atomic number 54. It is a colorless, dense, odorless noble gas, that occurs in the Earth's atmosphere in trace amounts. Although generally unreactive, xenon can undergo a few chemical reactions such as the formation of xenon hexafluoroplatinate, the first noble gas compound to be synthesized."
Symbol,Xe
Xpos,18
Ypos,5
Wxpos,32
Wypos,5
Shells,"[2, 8, 18, 18, 8]"
Sorted electron configuration,1s2 2s2 2p6 3s2 3p6 3d10 4s2 4p6 4d10 5s2 5p6
Electron configuration,1s2 2s2 2p6 3s2 3p6 4s2 3d10 4p6 5s2 4d10 5p6
Electron configuration semantic,[Kr] 4d10 5s2 5p6
Electron affinity,-77
Electronegativity pauling,2.6
Ionization energies,"[1170.4, 2046.4, 3099.4]"
Cpk-hex,429eb0
Block,p
