Subject,Value
Name,Seaborgium
Appearance,
Atomic mass,269
Boil,
Category,transition metal
Density,35
Discovered by,Lawrence Berkeley National Laboratory
Melt,
Molar heat,
Named by,
Number,106
Period,7
Group,6
Phase,Solid
Summary,Seaborgium is a synthetic element with symbol Sg and atomic number 106. Its most stable isotope 271Sg has a half-life of 1.9 minutes. A more recently discovered isotope 269Sg has a potentially slightly longer half-life (ca.
Symbol,Sg
Xpos,6
Ypos,7
Wxpos,20
Wypos,7
Shells,"[2, 8, 18, 32, 32, 12, 2]"
Sorted electron configuration,1s2 2s2 2p6 3s2 3p6 3d10 4s2 4p6 4d10 4f14 5s2 5p6 5d10 5f14 6s2 6p6 6d4 7s2
Electron configuration,1s2 2s2 2p6 3s2 3p6 4s2 3d10 4p6 5s2 4d10 5p6 6s2 4f14 5d10 6p6 7s2 5f14 6d4
Electron configuration semantic,*[Rn] 5f14 6d4 7s2
Electron affinity,
Electronegativity pauling,
Ionization energies,[]
Cpk-hex,d90045
Block,d
