Subject,Value
Name,Cobalt
Appearance,hard lustrous gray metal
Atomic mass,58.9331944
Boil,3200
Category,transition metal
Density,8.9
Discovered by,Georg Brandt
Melt,1768
Molar heat,24.81
Named by,
Number,27
Period,4
Group,9
Phase,Solid
Summary,"Cobalt is a chemical element with symbol Co and atomic number 27. Like nickel, cobalt in the Earth's crust is found only in chemically combined form, save for small deposits found in alloys of natural meteoric iron. The free element, produced by reductive smelting, is a hard, lustrous, silver-gray metal."
Symbol,Co
Xpos,9
Ypos,4
Wxpos,23
Wypos,4
Shells,"[2, 8, 15, 2]"
Sorted electron configuration,1s2 2s2 2p6 3s2 3p6 3d7 4s2
Electron configuration,1s2 2s2 2p6 3s2 3p6 4s2 3d7
Electron configuration semantic,[Ar] 3d7 4s2
Electron affinity,63.898
Electronegativity pauling,1.88
Ionization energies,"[760.4, 1648, 3232, 4950, 7670, 9840, 12440, 15230, 17959, 26570, 29400, 32400, 36600, 39700, 42800, 49396, 52737, 134810, 145170, 154700, 167400, 178100, 189300, 204500, 214100, 920870, 966023]"
Cpk-hex,f090a0
Block,d
