Subject,Value
Name,Gallium
Appearance,silver-white
Atomic mass,69.7231
Boil,2673
Category,post-transition metal
Density,5.91
Discovered by,Lecoq de Boisbaudran
Melt,302.9146
Molar heat,25.86
Named by,
Number,31
Period,4
Group,13
Phase,Solid
Summary,"Gallium is a chemical element with symbol Ga and atomic number 31. Elemental gallium does not occur in free form in nature, but as the gallium(III) compounds that are in trace amounts in zinc ores and in bauxite. Gallium is a soft, silvery metal, and elemental gallium is a brittle solid at low temperatures, and melts at 29.76 °C (85.57 °F) (slightly above room temperature)."
Symbol,Ga
Xpos,13
Ypos,4
Wxpos,27
Wypos,4
Shells,"[2, 8, 18, 3]"
Sorted electron configuration,1s2 2s2 2p6 3s2 3p6 3d10 4s2 4p1
Electron configuration,1s2 2s2 2p6 3s2 3p6 4s2 3d10 4p1
Electron configuration semantic,[Ar] 3d10 4s2 4p1
Electron affinity,41
Electronegativity pauling,1.81
Ionization energies,"[578.8, 1979.3, 2963, 6180]"
Cpk-hex,c28f8f
Block,p
