Subject,Value
Name,Actinium
Appearance,
Atomic mass,227
Boil,3500
Category,actinide
Density,10
Discovered by,Friedrich Oskar Giesel
Melt,1500
Molar heat,27.2
Named by,
Number,89
Period,7
Group,3
Phase,Solid
Summary,"Actinium is a radioactive chemical element with symbol Ac (not to be confused with the abbreviation for an acetyl group) and atomic number 89, which was discovered in 1899. It was the first non-primordial radioactive element to be isolated. Polonium, radium and radon were observed before actinium, but they were not isolated until 1902."
Symbol,Ac
Xpos,3
Ypos,10
Wxpos,3
Wypos,7
Shells,"[2, 8, 18, 32, 18, 9, 2]"
Sorted electron configuration,1s2 2s2 2p6 3s2 3p6 3d10 4s2 4p6 4d10 4f14 5s2 5p6 5d10 6s2 6p6 6d1 7s2
Electron configuration,1s2 2s2 2p6 3s2 3p6 4s2 3d10 4p6 5s2 4d10 5p6 6s2 4f14 5d10 6p6 7s2 6d1
Electron configuration semantic,[Rn] 6d1 7s2
Electron affinity,33.77
Electronegativity pauling,1.1
Ionization energies,"[499, 1170]"
Cpk-hex,70abfa
Block,f
