Subject,Value
Name,Holmium
Appearance,silvery white
Atomic mass,164.930332
Boil,2873
Category,lanthanide
Density,8.79
Discovered by,Marc Delafontaine
Melt,1734
Molar heat,27.15
Named by,
Number,67
Period,6
Group,3
Phase,Solid
Summary,"Holmium is a chemical element with symbol Ho and atomic number 67. Part of the lanthanide series, holmium is a rare earth element. Holmium was discovered by Swedish chemist Per Theodor Cleve."
Symbol,Ho
Xpos,13
Ypos,9
Wxpos,13
Wypos,6
Shells,"[2, 8, 18, 29, 8, 2]"
Sorted electron configuration,1s2 2s2 2p6 3s2 3p6 3d10 4s2 4p6 4d10 4f11 5s2 5p6 6s2
Electron configuration,1s2 2s2 2p6 3s2 3p6 4s2 3d10 4p6 5s2 4d10 5p6 6s2 4f11
Electron configuration semantic,[Xe] 4f11 6s2
Electron affinity,32.61
Electronegativity pauling,1.23
Ionization energies,"[581, 1140, 2204, 4100]"
Cpk-hex,00ff9c
Block,f
