Subject,Value
Name,Meitnerium
Appearance,
Atomic mass,278
Boil,
Category,"unknown, probably transition metal"
Density,37.4
Discovered by,Gesellschaft für Schwerionenforschung
Melt,
Molar heat,
Named by,
Number,109
Period,7
Group,9
Phase,Solid
Summary,"Meitnerium is a chemical element with symbol Mt and atomic number 109. It is an extremely radioactive synthetic element (an element not found in nature that can be created in a laboratory). The most stable known isotope, meitnerium-278, has a half-life of 7.6 seconds."
Symbol,Mt
Xpos,9
Ypos,7
Wxpos,23
Wypos,7
Shells,"[2, 8, 18, 32, 32, 15, 2]"
Sorted electron configuration,1s2 2s2 2p6 3s2 3p6 3d10 4s2 4p6 4d10 4f14 5s2 5p6 5d10 5f14 6s2 6p6 6d7 7s2
Electron configuration,1s2 2s2 2p6 3s2 3p6 4s2 3d10 4p6 5s2 4d10 5p6 6s2 4f14 5d10 6p6 7s2 5f14 6d7
Electron configuration semantic,*[Rn] 5f14 6d7 7s2
Electron affinity,
Electronegativity pauling,
Ionization energies,[]
Cpk-hex,eb0026
Block,d
