Subject,Value
Name,Gadolinium
Appearance,silvery white
Atomic mass,157.253
Boil,3273
Category,lanthanide
Density,7.9
Discovered by,Jean Charles Galissard de Marignac
Melt,1585
Molar heat,37.03
Named by,
Number,64
Period,6
Group,3
Phase,Solid
Summary,"Gadolinium is a chemical element with symbol Gd and atomic number 64. It is a silvery-white, malleable and ductile rare-earth metal. It is found in nature only in combined (salt) form."
Symbol,Gd
Xpos,10
Ypos,9
Wxpos,10
Wypos,6
Shells,"[2, 8, 18, 25, 9, 2]"
Sorted electron configuration,1s2 2s2 2p6 3s2 3p6 3d10 4s2 4p6 4d10 4f7 5s2 5p6 5d1 6s2
Electron configuration,1s2 2s2 2p6 3s2 3p6 4s2 3d10 4p6 5s2 4d10 5p6 6s2 4f7 5d1
Electron configuration semantic,[Xe] 4f7 5d1 6s2
Electron affinity,13.22
Electronegativity pauling,1.2
Ionization energies,"[593.4, 1170, 1990, 4250]"
Cpk-hex,45ffc7
Block,f
