Subject,Value
Name,Iodine
Appearance,"lustrous metallic gray, violet as a gas"
Atomic mass,126.904473
Boil,457.4
Category,diatomic nonmetal
Density,4.933
Discovered by,Bernard Courtois
Melt,386.85
Molar heat,
Named by,
Number,53
Period,5
Group,17
Phase,Solid
Summary,"Iodine is a chemical element with symbol I and atomic number 53. The name is from Greek ἰοειδής ioeidēs, meaning violet or purple, due to the color of iodine vapor. Iodine and its compounds are primarily used in nutrition, and industrially in the production of acetic acid and certain polymers."
Symbol,I
Xpos,17
Ypos,5
Wxpos,31
Wypos,5
Shells,"[2, 8, 18, 18, 7]"
Sorted electron configuration,1s2 2s2 2p6 3s2 3p6 3d10 4s2 4p6 4d10 5s2 5p5
Electron configuration,1s2 2s2 2p6 3s2 3p6 4s2 3d10 4p6 5s2 4d10 5p5
Electron configuration semantic,[Kr] 4d10 5s2 5p5
Electron affinity,295.1531
Electronegativity pauling,2.66
Ionization energies,"[1008.4, 1845.9, 3180]"
Cpk-hex,940094
Block,p
