Subject,Value
Name,Strontium
Appearance,
Atomic mass,87.621
Boil,1650
Category,alkaline earth metal
Density,2.64
Discovered by,William Cruickshank (chemist)
Melt,1050
Molar heat,26.4
Named by,
Number,38
Period,5
Group,2
Phase,Solid
Summary,"Strontium is a chemical element with symbol Sr and atomic number 38. An alkaline earth metal, strontium is a soft silver-white or yellowish metallic element that is highly reactive chemically. The metal turns yellow when it is exposed to air."
Symbol,Sr
Xpos,2
Ypos,5
Wxpos,2
Wypos,5
Shells,"[2, 8, 18, 8, 2]"
Sorted electron configuration,1s2 2s2 2p6 3s2 3p6 3d10 4s2 4p6 5s2
Electron configuration,1s2 2s2 2p6 3s2 3p6 4s2 3d10 4p6 5s2
Electron configuration semantic,[Kr] 5s2
Electron affinity,5.023
Electronegativity pauling,0.95
Ionization energies,"[549.5, 1064.2, 4138, 5500, 6910, 8760, 10230, 11800, 15600, 17100, 31270]"
Cpk-hex,00ff00
Block,s
