Subject,Value
Name,Rubidium
Appearance,grey white
Atomic mass,85.46783
Boil,961
Category,alkali metal
Density,1.532
Discovered by,Robert Bunsen
Melt,312.45
Molar heat,31.06
Named by,
Number,37
Period,5
Group,1
Phase,Solid
Summary,"Rubidium is a chemical element with symbol Rb and atomic number 37. Rubidium is a soft, silvery-white metallic element of the alkali metal group, with an atomic mass of 85.4678. Elemental rubidium is highly reactive, with properties similar to those of other alkali metals, such as very rapid oxidation in air."
Symbol,Rb
Xpos,1
Ypos,5
Wxpos,1
Wypos,5
Shells,"[2, 8, 18, 8, 1]"
Sorted electron configuration,1s2 2s2 2p6 3s2 3p6 3d10 4s2 4p6 5s1
Electron configuration,1s2 2s2 2p6 3s2 3p6 4s2 3d10 4p6 5s1
Electron configuration semantic,[Kr] 5s1
Electron affinity,46.884
Electronegativity pauling,0.82
Ionization energies,"[403, 2633, 3860, 5080, 6850, 8140, 9570, 13120, 14500, 26740]"
Cpk-hex,702eb0
Block,s
