Subject,Value
Name,Flerovium
Appearance,
Atomic mass,289
Boil,420
Category,post-transition metal
Density,14
Discovered by,Joint Institute for Nuclear Research
Melt,340
Molar heat,
Named by,
Number,114
Period,7
Group,14
Phase,Solid
Summary,"Flerovium is a superheavy artificial chemical element with symbol Fl and atomic number 114. It is an extremely radioactive synthetic element. The element is named after the Flerov Laboratory of Nuclear Reactions of the Joint Institute for Nuclear Research in Dubna, Russia, where the element was discovered in 1998."
Symbol,Fl
Xpos,14
Ypos,7
Wxpos,28
Wypos,7
Shells,"[2, 8, 18, 32, 32, 18, 4]"
Sorted electron configuration,1s2 2s2 2p6 3s2 3p6 3d10 4s2 4p6 4d10 4f14 5s2 5p6 5d10 5f14 6s2 6p6 6d10 7s2 7p2
Electron configuration,1s2 2s2 2p6 3s2 3p6 4s2 3d10 4p6 5s2 4d10 5p6 6s2 4f14 5d10 6p6 7s2 5f14 6d10 7p2
Electron configuration semantic,*[Rn] 5f14 6d10 7s2 7p2
Electron affinity,
Electronegativity pauling,
Ionization energies,[]
Cpk-hex,
Block,p
