Subject,Value
Name,Francium
Appearance,
Atomic mass,223
Boil,950
Category,alkali metal
Density,1.87
Discovered by,Marguerite Perey
Melt,300
Molar heat,
Named by,
Number,87
Period,7
Group,1
Phase,Solid
Summary,"Francium is a chemical element with symbol Fr and atomic number 87. It used to be known as eka-caesium and actinium K. It is the second-least electronegative element, behind only caesium. Francium is a highly radioactive metal that decays into astatine, radium, and radon."
Symbol,Fr
Xpos,1
Ypos,7
Wxpos,1
Wypos,7
Shells,"[2, 8, 18, 32, 18, 8, 1]"
Sorted electron configuration,1s2 2s2 2p6 3s2 3p6 3d10 4s2 4p6 4d10 4f14 5s2 5p6 5d10 6s2 6p6 7s1
Electron configuration,1s2 2s2 2p6 3s2 3p6 4s2 3d10 4p6 5s2 4d10 5p6 6s2 4f14 5d10 6p6 7s1
Electron configuration semantic,[Rn] 7s1
Electron affinity,46.89
Electronegativity pauling,0.79
Ionization energies,[380]
Cpk-hex,420066
Block,s
