Subject,Value
Name,Palladium
Appearance,silvery white
Atomic mass,106.421
Boil,3236
Category,transition metal
Density,12.023
Discovered by,William Hyde Wollaston
Melt,1828.05
Molar heat,25.98
Named by,
Number,46
Period,5
Group,10
Phase,Solid
Summary,"Palladium is a chemical element with symbol Pd and atomic number 46. It is a rare and lustrous silvery-white metal discovered in 1803 by William Hyde Wollaston. He named it after the asteroid Pallas, which was itself named after the epithet of the Greek goddess Athena, acquired by her when she slew Pallas."
Symbol,Pd
Xpos,10
Ypos,5
Wxpos,24
Wypos,5
Shells,"[2, 8, 18, 18]"
Sorted electron configuration,1s2 2s2 2p6 3s2 3p6 3d10 4s2 4p6 4d10
Electron configuration,1s2 2s2 2p6 3s2 3p6 4s2 3d10 4p6 4d10
Electron configuration semantic,[Kr] 4d10
Electron affinity,54.24
Electronegativity pauling,2.2
Ionization energies,"[804.4, 1870, 3177]"
Cpk-hex,006985
Block,d
