Subject,Value
Name,Barium
Appearance,
Atomic mass,137.3277
Boil,2118
Category,alkaline earth metal
Density,3.51
Discovered by,Carl Wilhelm Scheele
Melt,1000
Molar heat,28.07
Named by,
Number,56
Period,6
Group,2
Phase,Solid
Summary,"Barium is a chemical element with symbol Ba and atomic number 56. It is the fifth element in Group 2, a soft silvery metallic alkaline earth metal. Because of its high chemical reactivity barium is never found in nature as a free element."
Symbol,Ba
Xpos,2
Ypos,6
Wxpos,2
Wypos,6
Shells,"[2, 8, 18, 18, 8, 2]"
Sorted electron configuration,1s2 2s2 2p6 3s2 3p6 3d10 4s2 4p6 4d10 5s2 5p6 6s2
Electron configuration,1s2 2s2 2p6 3s2 3p6 4s2 3d10 4p6 5s2 4d10 5p6 6s2
Electron configuration semantic,[Xe] 6s2
Electron affinity,13.954
Electronegativity pauling,0.89
Ionization energies,"[502.9, 965.2, 3600]"
Cpk-hex,00c900
Block,s
