Subject,Value
Name,Chlorine
Appearance,pale yellow-green gas
Atomic mass,35.45
Boil,239.11
Category,diatomic nonmetal
Density,3.2
Discovered by,Carl Wilhelm Scheele
Melt,171.6
Molar heat,
Named by,
Number,17
Period,3
Group,17
Phase,Gas
Summary,Chlorine is a chemical element with symbol Cl and atomic number 17. It also has a relative atomic mass of 35.5. Chlorine is in the halogen group (17) and is the second lightest halogen following fluorine.
Symbol,Cl
Xpos,17
Ypos,3
Wxpos,31
Wypos,3
Shells,"[2, 8, 7]"
Sorted electron configuration,1s2 2s2 2p6 3s2 3p5
Electron configuration,1s2 2s2 2p6 3s2 3p5
Electron configuration semantic,[Ne] 3s2 3p5
Electron affinity,348.575
Electronegativity pauling,3.16
Ionization energies,"[1251.2, 2298, 3822, 5158.6, 6542, 9362, 11018, 33604, 38600, 43961, 51068, 57119, 63363, 72341, 78095, 352994, 380760]"
Cpk-hex,1ff01f
Block,p
