Subject,Value
Name,Bromine
Appearance,
Atomic mass,79.904
Boil,332
Category,diatomic nonmetal
Density,3.1028
Discovered by,Antoine Jérôme Balard
Melt,265.8
Molar heat,
Named by,
Number,35
Period,4
Group,17
Phase,Liquid
Summary,"Bromine (from Ancient Greek:βρῶμος, brómos, meaning ""stench"") is a chemical element with symbol Br, and atomic number 35. It is a halogen. The element was isolated independently by two chemists, Carl Jacob Löwig and Antoine Jerome Balard, in 1825–1826."
Symbol,Br
Xpos,17
Ypos,4
Wxpos,31
Wypos,4
Shells,"[2, 8, 18, 7]"
Sorted electron configuration,1s2 2s2 2p6 3s2 3p6 3d10 4s2 4p5
Electron configuration,1s2 2s2 2p6 3s2 3p6 4s2 3d10 4p5
Electron configuration semantic,[Ar] 3d10 4s2 4p5
Electron affinity,324.537
Electronegativity pauling,2.96
Ionization energies,"[1139.9, 2103, 3470, 4560, 5760, 8550, 9940, 18600]"
Cpk-hex,a62929
Block,p
