Subject,Value
Name,Polonium
Appearance,silvery
Atomic mass,209
Boil,1235
Category,post-transition metal
Density,9.196
Discovered by,Pierre Curie
Melt,527
Molar heat,26.4
Named by,
Number,84
Period,6
Group,16
Phase,Solid
Summary,"Polonium is a chemical element with symbol Po and atomic number 84, discovered in 1898 by Marie Curie and Pierre Curie. A rare and highly radioactive element with no stable isotopes, polonium is chemically similar to bismuth and tellurium, and it occurs in uranium ores. Applications of polonium are few."
Symbol,Po
Xpos,16
Ypos,6
Wxpos,30
Wypos,6
Shells,"[2, 8, 18, 32, 18, 6]"
Sorted electron configuration,1s2 2s2 2p6 3s2 3p6 3d10 4s2 4p6 4d10 4f14 5s2 5p6 5d10 6s2 6p4
Electron configuration,1s2 2s2 2p6 3s2 3p6 4s2 3d10 4p6 5s2 4d10 5p6 6s2 4f14 5d10 6p4
Electron configuration semantic,[Xe] 4f14 5d10 6s2 6p4
Electron affinity,136
Electronegativity pauling,2
Ionization energies,[812.1]
Cpk-hex,ab5c00
Block,p
