Subject,Value
Name,Americium
Appearance,silvery white
Atomic mass,243
Boil,2880
Category,actinide
Density,12
Discovered by,Glenn T. Seaborg
Melt,1449
Molar heat,62.7
Named by,
Number,95
Period,7
Group,3
Phase,Solid
Summary,"Americium is a radioactive transuranic chemical element with symbol Am and atomic number 95. This member of the actinide series is located in the periodic table under the lanthanide element europium, and thus by analogy was named after the Americas. Americium was first produced in 1944 by the group of Glenn T.Seaborg from Berkeley, California, at the metallurgical laboratory of University of Chicago."
Symbol,Am
Xpos,9
Ypos,10
Wxpos,9
Wypos,7
Shells,"[2, 8, 18, 32, 25, 8, 2]"
Sorted electron configuration,1s2 2s2 2p6 3s2 3p6 3d10 4s2 4p6 4d10 4f14 5s2 5p6 5d10 5f7 6s2 6p6 7s2
Electron configuration,1s2 2s2 2p6 3s2 3p6 4s2 3d10 4p6 5s2 4d10 5p6 6s2 4f14 5d10 6p6 7s2 5f7
Electron configuration semantic,[Rn] 5f7 7s2
Electron affinity,9.93
Electronegativity pauling,1.13
Ionization energies,[578]
Cpk-hex,545cf2
Block,f
