Subject,Value
Name,Tantalum
Appearance,gray blue
Atomic mass,180.947882
Boil,5731
Category,transition metal
Density,16.69
Discovered by,Anders Gustaf Ekeberg
Melt,3290
Molar heat,25.36
Named by,
Number,73
Period,6
Group,5
Phase,Solid
Summary,"Tantalum is a chemical element with symbol Ta and atomic number 73. Previously known as tantalium, its name comes from Tantalus, an antihero from Greek mythology. Tantalum is a rare, hard, blue-gray, lustrous transition metal that is highly corrosion-resistant."
Symbol,Ta
Xpos,5
Ypos,6
Wxpos,19
Wypos,6
Shells,"[2, 8, 18, 32, 11, 2]"
Sorted electron configuration,1s2 2s2 2p6 3s2 3p6 3d10 4s2 4p6 4d10 4f14 5s2 5p6 5d3 6s2
Electron configuration,1s2 2s2 2p6 3s2 3p6 4s2 3d10 4p6 5s2 4d10 5p6 6s2 4f14 5d3
Electron configuration semantic,[Xe] 4f14 5d3 6s2
Electron affinity,31
Electronegativity pauling,1.5
Ionization energies,"[761, 1500]"
Cpk-hex,4da6ff
Block,d
