Subject,Value
Name,Germanium
Appearance,grayish-white
Atomic mass,72.6308
Boil,3106
Category,metalloid
Density,5.323
Discovered by,Clemens Winkler
Melt,1211.4
Molar heat,23.222
Named by,
Number,32
Period,4
Group,14
Phase,Solid
Summary,"Germanium is a chemical element with symbol Ge and atomic number 32. It is a lustrous, hard, grayish-white metalloid in the carbon group, chemically similar to its group neighbors tin and silicon. Purified germanium is a semiconductor, with an appearance most similar to elemental silicon."
Symbol,Ge
Xpos,14
Ypos,4
Wxpos,28
Wypos,4
Shells,"[2, 8, 18, 4]"
Sorted electron configuration,1s2 2s2 2p6 3s2 3p6 3d10 4s2 4p2
Electron configuration,1s2 2s2 2p6 3s2 3p6 4s2 3d10 4p2
Electron configuration semantic,[Ar] 3d10 4s2 4p2
Electron affinity,118.9352
Electronegativity pauling,2.01
Ionization energies,"[762, 1537.5, 3302.1, 4411, 9020]"
Cpk-hex,668f8f
Block,p
