Subject,Value
Name,Nihonium
Appearance,
Atomic mass,286
Boil,1430
Category,"unknown, probably transition metal"
Density,16
Discovered by,RIKEN
Melt,700
Molar heat,
Named by,
Number,113
Period,7
Group,13
Phase,Solid
Summary,"Nihonium is a chemical element with atomic number 113. It has a symbol Nh. It is a synthetic element (an element that can be created in a laboratory but is not found in nature) and is extremely radioactive; its most stable known isotope, nihonium-286, has a half-life of 20 seconds."
Symbol,Nh
Xpos,13
Ypos,7
Wxpos,27
Wypos,7
Shells,"[2, 8, 18, 32, 32, 18, 3]"
Sorted electron configuration,1s2 2s2 2p6 3s2 3p6 3d10 4s2 4p6 4d10 4f14 5s2 5p6 5d10 5f14 6s2 6p6 6d10 7s2 7p1
Electron configuration,1s2 2s2 2p6 3s2 3p6 4s2 3d10 4p6 5s2 4d10 5p6 6s2 4f14 5d10 6p6 7s2 5f14 6d10 7p1
Electron configuration semantic,*[Rn] 5f14 6d10 7s2 7p1
Electron affinity,66.6
Electronegativity pauling,
Ionization energies,[]
Cpk-hex,
Block,p
