Subject,Value
Name,Bohrium
Appearance,
Atomic mass,270
Boil,
Category,transition metal
Density,37.1
Discovered by,Gesellschaft für Schwerionenforschung
Melt,
Molar heat,
Named by,
Number,107
Period,7
Group,7
Phase,Solid
Summary,"Bohrium is a chemical element with symbol Bh and atomic number 107. It is named after Danish physicist Niels Bohr. It is a synthetic element (an element that can be created in a laboratory but is not found in nature) and radioactive; the most stable known isotope, 270Bh, has a half-life of approximately 61 seconds."
Symbol,Bh
Xpos,7
Ypos,7
Wxpos,21
Wypos,7
Shells,"[2, 8, 18, 32, 32, 13, 2]"
Sorted electron configuration,1s2 2s2 2p6 3s2 3p6 3d10 4s2 4p6 4d10 4f14 5s2 5p6 5d10 5f14 6s2 6p6 6d5 7s2
Electron configuration,1s2 2s2 2p6 3s2 3p6 4s2 3d10 4p6 5s2 4d10 5p6 6s2 4f14 5d10 6p6 7s2 5f14 6d5
Electron configuration semantic,*[Rn] 5f14 6d5 7s2
Electron affinity,
Electronegativity pauling,
Ionization energies,[]
Cpk-hex,e00038
Block,d
