Subject,Value
Name,Darmstadtium
Appearance,
Atomic mass,281
Boil,
Category,"unknown, probably transition metal"
Density,34.8
Discovered by,Gesellschaft für Schwerionenforschung
Melt,
Molar heat,
Named by,
Number,110
Period,7
Group,10
Phase,Solid
Summary,"Darmstadtium is a chemical element with symbol Ds and atomic number 110. It is an extremely radioactive synthetic element. The most stable known isotope, darmstadtium-281, has a half-life of approximately 10 seconds."
Symbol,Ds
Xpos,10
Ypos,7
Wxpos,24
Wypos,7
Shells,"[2, 8, 18, 32, 32, 16, 2]"
Sorted electron configuration,1s2 2s2 2p6 3s2 3p6 3d10 4s2 4p6 4d10 4f14 5s2 5p6 5d10 5f14 6s2 6p6 6d8 7s2
Electron configuration,1s2 2s2 2p6 3s2 3p6 4s2 3d10 4p6 5s2 4d10 5p6 6s2 4f14 5d10 6p6 7s2 5f14 6d8
Electron configuration semantic,*[Rn] 5f14 6d9 7s1
Electron affinity,
Electronegativity pauling,
Ionization energies,[]
Cpk-hex,
Block,d
