Subject,Value
Name,Samarium
Appearance,silvery white
Atomic mass,150.362
Boil,2173
Category,lanthanide
Density,7.52
Discovered by,Lecoq de Boisbaudran
Melt,1345
Molar heat,29.54
Named by,
Number,62
Period,6
Group,3
Phase,Solid
Summary,"Samarium is a chemical element with symbol Sm and atomic number 62. It is a moderately hard silvery metal that readily oxidizes in air. Being a typical member of the lanthanide series, samarium usually assumes the oxidation state +3."
Symbol,Sm
Xpos,8
Ypos,9
Wxpos,8
Wypos,6
Shells,"[2, 8, 18, 24, 8, 2]"
Sorted electron configuration,1s2 2s2 2p6 3s2 3p6 3d10 4s2 4p6 4d10 4f6 5s2 5p6 6s2
Electron configuration,1s2 2s2 2p6 3s2 3p6 4s2 3d10 4p6 5s2 4d10 5p6 6s2 4f6
Electron configuration semantic,[Xe] 4f6 6s2
Electron affinity,15.63
Electronegativity pauling,1.17
Ionization energies,"[544.5, 1070, 2260, 3990]"
Cpk-hex,8fffc7
Block,f
