Subject,Value
Name,Neon
Appearance,colorless gas exhibiting an orange-red glow when placed in a high voltage electric field
Atomic mass,20.17976
Boil,27.104
Category,noble gas
Density,0.9002
Discovered by,Morris Travers
Melt,24.56
Molar heat,
Named by,
Number,10
Period,2
Group,18
Phase,Gas
Summary,"Neon is a chemical element with symbol Ne and atomic number 10. It is in group 18 (noble gases) of the periodic table. Neon is a colorless, odorless, inert monatomic gas under standard conditions, with about two-thirds the density of air."
Symbol,Ne
Xpos,18
Ypos,2
Wxpos,32
Wypos,2
Shells,"[2, 8]"
Sorted electron configuration,1s2 2s2 2p6
Electron configuration,1s2 2s2 2p6
Electron configuration semantic,[He] 2s2 2p6
Electron affinity,-116
Electronegativity pauling,
Ionization energies,"[2080.7, 3952.3, 6122, 9371, 12177, 15238, 19999, 23069.5, 115379.5, 131432]"
Cpk-hex,b3e3f5
Block,p
