Subject,Value
Name,Tellurium
Appearance,
Atomic mass,127.603
Boil,1261
Category,metalloid
Density,6.24
Discovered by,Franz-Joseph Müller von Reichenstein
Melt,722.66
Molar heat,25.73
Named by,
Number,52
Period,5
Group,16
Phase,Solid
Summary,"Tellurium is a chemical element with symbol Te and atomic number 52. It is a brittle, mildly toxic, rare, silver-white metalloid. Tellurium is chemically related to selenium and sulfur."
Symbol,Te
Xpos,16
Ypos,5
Wxpos,30
Wypos,5
Shells,"[2, 8, 18, 18, 6]"
Sorted electron configuration,1s2 2s2 2p6 3s2 3p6 3d10 4s2 4p6 4d10 5s2 5p4
Electron configuration,1s2 2s2 2p6 3s2 3p6 4s2 3d10 4p6 5s2 4d10 5p4
Electron configuration semantic,[Kr] 4d10 5s2 5p4
Electron affinity,190.161
Electronegativity pauling,2.1
Ionization energies,"[869.3, 1790, 2698, 3610, 5668, 6820, 13200]"
Cpk-hex,d47a00
Block,p
