Subject,Value
Name,Rhenium
Appearance,silvery-grayish
Atomic mass,186.2071
Boil,5869
Category,transition metal
Density,21.02
Discovered by,Masataka Ogawa
Melt,3459
Molar heat,25.48
Named by,Walter Noddack
Number,75
Period,6
Group,7
Phase,Solid
Summary,"Rhenium is a chemical element with symbol Re and atomic number 75. It is a silvery-white, heavy, third-row transition metal in group 7 of the periodic table. With an estimated average concentration of 1 part per billion (ppb), rhenium is one of the rarest elements in the Earth's crust."
Symbol,Re
Xpos,7
Ypos,6
Wxpos,21
Wypos,6
Shells,"[2, 8, 18, 32, 13, 2]"
Sorted electron configuration,1s2 2s2 2p6 3s2 3p6 3d10 4s2 4p6 4d10 4f14 5s2 5p6 5d5 6s2
Electron configuration,1s2 2s2 2p6 3s2 3p6 4s2 3d10 4p6 5s2 4d10 5p6 6s2 4f14 5d5
Electron configuration semantic,[Xe] 4f14 5d5 6s2
Electron affinity,5.8273
Electronegativity pauling,1.9
Ionization energies,"[760, 1260, 2510, 3640]"
Cpk-hex,267dab
Block,d
