Subject,Value
Name,Indium
Appearance,silvery lustrous gray
Atomic mass,114.8181
Boil,2345
Category,post-transition metal
Density,7.31
Discovered by,Ferdinand Reich
Melt,429.7485
Molar heat,26.74
Named by,
Number,49
Period,5
Group,13
Phase,Solid
Summary,"Indium is a chemical element with symbol In and atomic number 49. It is a post-transition metallic element that is rare in Earth's crust. The metal is very soft, malleable and easily fusible, with a melting point higher than sodium, but lower than lithium or tin."
Symbol,In
Xpos,13
Ypos,5
Wxpos,27
Wypos,5
Shells,"[2, 8, 18, 18, 3]"
Sorted electron configuration,1s2 2s2 2p6 3s2 3p6 3d10 4s2 4p6 4d10 5s2 5p1
Electron configuration,1s2 2s2 2p6 3s2 3p6 4s2 3d10 4p6 5s2 4d10 5p1
Electron configuration semantic,[Kr] 4d10 5s2 5p1
Electron affinity,37.043
Electronegativity pauling,1.78
Ionization energies,"[558.3, 1820.7, 2704, 5210]"
Cpk-hex,a67573
Block,p
