Subject,Value
Name,Gold
Appearance,metallic yellow
Atomic mass,196.9665695
Boil,3243
Category,transition metal
Density,19.3
Discovered by,Middle East
Melt,1337.33
Molar heat,25.418
Named by,
Number,79
Period,6
Group,11
Phase,Solid
Summary,"Gold is a chemical element with symbol Au (from Latin:aurum) and atomic number 79. In its purest form, it is a bright, slightly reddish yellow, dense, soft, malleable and ductile metal. Chemically, gold is a transition metal and a group 11 element."
Symbol,Au
Xpos,11
Ypos,6
Wxpos,25
Wypos,6
Shells,"[2, 8, 18, 32, 18, 1]"
Sorted electron configuration,1s2 2s2 2p6 3s2 3p6 3d10 4s2 4p6 4d10 4f14 5s2 5p6 5d10 6s1
Electron configuration,1s2 2s2 2p6 3s2 3p6 4s2 3d10 4p6 5s2 4d10 5p6 6s1 4f14 5d10
Electron configuration semantic,[Xe] 4f14 5d10 6s1
Electron affinity,222.747
Electronegativity pauling,2.54
Ionization energies,"[890.1, 1980]"
Cpk-hex,ffd123
Block,d
